Date,Username,User tag,Content,Mentions,link
"2023-01-09,09:57:33","Craboi","#3775","Amazing","",""
"2023-01-09,09:57:37","Craboi","#3775","<:emoji_48:1049559547326500874> <:emoji_47:1049559455282511974> <:emoji_49:1049559618197659668>","",""
"2023-01-09,09:57:49","Craboi","#3775","""Uhh? Hello?, is this thing even on? Oh wait it is ok then, ok newbie welcome to your first experience in ore corporation. As I am Aaron, the CEO of ore corporation, and erm, and you are being sent here to just run a few errands in the mines. As in this job ther-. Wait wait you signed the contract right? Ah doesn't matter you're here now anyways. Well as you are new, perhaps I should say that some of my employees of Ore corporation is aware of the little incident... But thats no worries for you, as time passes there will be problems along the way. So as my other employee told me what to do on the mines before he quit was erm, that there is 4 people that is gonna... Well just whenever you hear noises its always gonna be from the left door and close the left door if you hear it, and if you hear a parrot noise there will be a person that will always go to an open door so I suggest you watching both doors and shut it when you see the person. And this one is that if you see him don't shut the door on him. And as for this one, that if you see him stare at him until when he's gone or there will be consequences. And the doors also forgot to mention that, in the left door there is a black button that can let you turn off the lights, and it reduces the power usage. And the doors kinda malfunctions, I don't know why it does that I mean we got the best engineers and they said there was no problem so yeah, keep a lookout for that. And also there is limited power and if its gone... The miners will be getting in. So I suggest you don't waste power much. Well thats all so ill check in again in the next day, goodbye and goodluck!""","",""
"2023-01-09,09:59:29","RyanLuke","#6177","dpirg","",""
"2023-01-09,10:01:25","carl0s","#6512","pecan pie","",""
"2023-01-09,10:04:48","carl0s","#6512","","RyanLuke#6177","https://cdn.discordapp.com/attachments/1049093433320558692/1061842952416145448/image0.png"
"2023-01-09,10:52:07","placeholder","#7729","i just remember i have mythical sword <@640066601290301471>","PolandBall132#0699","https://cdn.discordapp.com/attachments/1049093433320558692/1061854862540804136/image.png"
"2023-01-09,10:55:17","PolandBall132","#0699","grrr ur","",""
"2023-01-09,10:55:21","PolandBall132","#0699","doing something","",""
"2023-01-09,10:55:29","placeholder","#7729","sword factory","",""
"2023-01-09,10:55:29","placeholder","#7729","heeheh","",""
"2023-01-09,10:55:31","placeholder","#7729","in vip server","",""
"2023-01-09,10:55:37","placeholder","#7729","actaully it maybe years ago","",""
"2023-01-09,11:00:16","placeholder","#7729","üíÄ","","https://cdn.discordapp.com/attachments/1049093433320558692/1061856911160516739/image.png"
"2023-01-09,11:14:41","com_ww","#1833","join the x version","placeholder#7729",""
"2023-01-09,11:14:42","com_ww","#1833","that im in","",""
"2023-01-09,11:16:18","placeholder","#7729","oh","",""
"2023-01-09,11:16:20","placeholder","#7729","i played for hour","",""
"2023-01-09,11:20:40","com_ww","#1833","2nd","","https://cdn.discordapp.com/attachments/1049093433320558692/1061862045861036082/image.png"
"2023-01-09,11:21:02","PolandBall132","#0699","playing the original","",""
"2023-01-09,11:21:06","placeholder","#7729","yes","",""
"2023-01-09,11:21:07","placeholder","#7729","same","",""
"2023-01-09,11:21:18","com_ww","#1833","i play x version because x version looks more cool","",""
"2023-01-09,11:26:23","com_ww","#1833","https://www.youtube.com/watch?v=6kZIiHeP7nE","",""
"2023-01-09,11:30:43","PolandBall132","#0699","its good","com_ww#1833",""
"2023-01-09,11:30:44","PolandBall132","#0699","but","",""
"2023-01-09,11:30:48","PolandBall132","#0699","i prefer the original","",""
"2023-01-09,11:34:13","com_ww","#1833","<@505886461619470356> birthday ü•≥","darkspxder#7316",""
"2023-01-09,11:39:56","com_ww","#1833","I FUCKING GOT THIS FUCKING SWORD HOLYS","","https://cdn.discordapp.com/attachments/1049093433320558692/1061866894623252500/image.png"
"2023-01-09,11:42:48","RyanLuke","#6177","elemental+","",""
"2023-01-09,11:42:51","RyanLuke","#6177","ok i go slee","",""
"2023-01-09,11:48:54","com_ww","#1833","","","https://cdn.discordapp.com/attachments/1049093433320558692/1061869151540490300/image.png"
"2023-01-09,11:52:38","RyanLuke","#6177","WTF FEMME HIIRO","","https://cdn.discordapp.com/attachments/1049093433320558692/1061870090968121344/Screenshot_20230109_125204.jpg"
"2023-01-09,11:52:41","RyanLuke","#6177","EVEN GOT THE EYEPATCH","",""
"2023-01-09,11:53:13","RyanLuke","#6177","and the face","",""
"2023-01-09,12:00:53","Craboi","#3775","Omg hiiro","",""
"2023-01-09,12:00:54","placeholder","#7729","got divine as first sword <@635817171506954250>","com_ww#1833","https://cdn.discordapp.com/attachments/1049093433320558692/1061872172898992169/image.png"
"2023-01-09,12:07:21","PolandBall132","#0699","because","",""
"2023-01-09,12:07:24","PolandBall132","#0699","the game is 80x luck","",""
"2023-01-09,12:07:26","PolandBall132","#0699","ü§£","",""
"2023-01-09,12:07:28","placeholder","#7729","yeah","",""
"2023-01-09,12:07:30","placeholder","#7729","ü§£","",""
"2023-01-09,12:07:33","placeholder","#7729","thi is why","",""
"2023-01-09,12:07:34","placeholder","#7729","the game gets ez bored","",""
"2023-01-09,12:07:36","placeholder","#7729","and unpopularized","",""
"2023-01-09,12:07:43","PolandBall132","#0699","if they removed it","",""
"2023-01-09,12:07:53","PolandBall132","#0699","active players üìâ","",""
"2023-01-09,12:08:02","PolandBall132","#0699","https://tr.rbxcdn.com/0a753db32c35c0cd4b965bbd0318cfeb/160/600/Image/Png","",""
"2023-01-09,12:08:04","placeholder","#7729","üìâ","PolandBall132#0699",""
"2023-01-09,12:08:07","PolandBall132","#0699","i am curious","",""
"2023-01-09,12:08:18","PolandBall132","#0699","am play rope people simulator to check what it is","",""
"2023-01-09,12:08:28","PolandBall132","#0699","https://www.roblox.com/games/6195010297/rope-people-simulator","",""
"2023-01-09,12:17:22","com_ww","#1833","ok","placeholder#7729",""
"2023-01-09,12:17:35","com_ww","#1833","rarity:","","https://cdn.discordapp.com/attachments/1049093433320558692/1061876368566132848/image.png"
"2023-01-09,12:48:49","PolandBall132","#0699","","","https://cdn.discordapp.com/attachments/1049093433320558692/1061884232517029978/why_is_the_tiny_robot_so_good_aswell.mp3"
"2023-01-09,13:10:54","RyanLuke","#6177","rope to the neck","",""
"2023-01-09,14:11:15","ihatee10","#9870","","","https://cdn.discordapp.com/attachments/1049093433320558692/1061904974184992799/IMG_2091.png"
"2023-01-09,14:19:37","swave","#7502","Eten","",""
"2023-01-09,14:20:33","swave","#7502","ü§Øü§ØüòÑüòÜ","",""
"2023-01-09,14:20:43","swave","#7502","https://media.discordapp.net/attachments/977958037765627936/1046677932241866782/heyapple.gif","",""
"2023-01-09,14:20:54","swave","#7502","God hel.p me in my finals","",""
"2023-01-09,14:39:53","RyanLuke","#6177","","","https://cdn.discordapp.com/attachments/1049093433320558692/1061912183023353867/YxrMogNu7PPc3nmo.mp4"
"2023-01-09,14:59:04","PolandBall132","#0699","<@857499963784560693> <@993136313823932507> found this difficulty chart drawing (2020)","swave#7502„ÄÅplaceholder#7729","https://cdn.discordapp.com/attachments/1049093433320558692/1061917009719332944/Screenshot_2023-01-09_155824.jpg"
"2023-01-09,15:17:32","PolandBall132","#0699","","","https://cdn.discordapp.com/attachments/1049093433320558692/1061921654088925194/YouCut_20230109_161138415.mp4"
"2023-01-09,15:17:34","com_ww","#1833","U suk lol","",""
"2023-01-09,15:18:20","com_ww","#1833","oh that was  rude of me","",""
"2023-01-09,15:18:21","com_ww","#1833","Sorry PolandBall132","",""
"2023-01-09,15:18:32","PolandBall132","#0699","this part was so funny","","https://cdn.discordapp.com/attachments/1049093433320558692/1061921907177422848/YouCut_20230109_161531782.mp4"
"2023-01-09,15:19:54","swave","#7502","Woah
....","PolandBall132#0699",""
"2023-01-09,15:20:06","PolandBall132","#0699","yellow!","",""
"2023-01-09,15:21:39","swave","#7502","You're wrong! ‚ùå

Sulfuric Acid","",""
"2023-01-09,15:25:26","PolandBall132","#0699","","","https://cdn.discordapp.com/attachments/1049093433320558692/1061923645313781810/YouCut_20230109_161531782.mp4"
"2023-01-09,15:26:18","swave","#7502","The cut is so god tier","",""
"2023-01-09,15:27:49","PolandBall132","#0699","so god","",""
"2023-01-09,15:30:20","RyanLuke","#6177","Yellow!","",""
"2023-01-09,15:30:23","RyanLuke","#6177","wahhh'","",""
"2023-01-09,16:04:54","swave","#7502","ü™±","",""
"2023-01-09,16:29:21","com_ww","#1833","<@513679956027637761> Can you join me i am alone in my server","RyanLuke#6177",""
"2023-01-09,16:31:26","RyanLuke","#6177","oi","",""
"2023-01-09,16:31:27","RyanLuke","#6177","ok","",""
"2023-01-09,16:32:18","placeholder","#7729","woagh","PolandBall132#0699",""
"2023-01-09,17:08:04","placeholder","#7729","","","https://cdn.discordapp.com/attachments/1049093433320558692/1061949471539331082/image.png"
"2023-01-09,17:08:06","PolandBall132","#0699","","","https://cdn.discordapp.com/attachments/1049093433320558692/1061949480737452032/YouCut_20230109_161531782.mp4"
"2023-01-09,17:10:27","PolandBall132","#0699","<@505886461619470356> happy birthday","darkspxder#7316",""
"2023-01-09,17:36:37","RyanLuke","#6177","plz joi nme and krisan in dumi vs nubs","",""
"2023-01-09,17:36:45","RyanLuke","#6177","WEW HAPPY BIRTHDAY <@505886461619470356>","darkspxder#7316",""
"2023-01-09,17:36:46","com_ww","#1833","yellow","PolandBall132#0699",""
"2023-01-09,17:42:43","Craboi","#3775","Hi happy birthday <@505886461619470356>","darkspxder#7316",""
"2023-01-09,17:43:49","Craboi","#3775","Omg what starts with ni and ends with er","",""
"2023-01-09,17:51:50","com_ww","#1833","nibbler","",""
"2023-01-09,17:56:02","Krisan","#8817","nicer","Craboi#3775",""
"2023-01-09,18:11:25","carl0s","#6512","<@505886461619470356>","darkspxder#7316",""
"2023-01-09,18:12:38","carl0s","#6512","YELLOW!","PolandBall132#0699",""
"2023-01-09,18:13:57","RyanLuke","#6177","https://www.youtube.com/watch?v=hZg2n4Fsjis","",""
"2023-01-09,18:16:02","carl0s","#6512","no ryan üìî","",""
"2023-01-09,18:16:42","Uri","#1700","shut the fuck up ryan","",""
"2023-01-09,18:17:19","Uri","#1700","i dont feel well rn","",""
"2023-01-09,18:22:23","swave","#7502","he does not fell wall","",""
"2023-01-09,18:27:03","PolandBall132","#0699","","carl0s#6512","https://cdn.discordapp.com/attachments/1049093433320558692/1061969349562347601/YouCut_20230109_161531782.mp4"
"2023-01-09,18:27:42","swave","#7502","happy birth üéä <@505886461619470356>","darkspxder#7316",""
"2023-01-09,18:27:49","swave","#7502","Day","",""
"2023-01-09,18:27:51","placeholder","#7729","ayee","Craboi#3775",""
"2023-01-09,18:27:55","placeholder","#7729","happy birthdy","",""
"2023-01-09,18:28:08","swave","#7502","Nigga","Craboi#3775",""
"2023-01-09,18:29:06","PolandBall132","#0699","i like snowballing people on work at a pizza place","",""
"2023-01-09,18:29:13","PolandBall132","#0699","get pranked","",""
"2023-01-09,18:29:20","placeholder","#7729","haha lol","",""
"2023-01-09,18:29:23","placeholder","#7729","snowballing is funny","",""
"2023-01-09,18:45:30","com_ww","#1833","<@640066601290301471> Wanna join my private server in sword factory x","PolandBall132#0699",""
"2023-01-09,18:45:33","com_ww","#1833","im so alone","",""
"2023-01-09,18:47:23","com_ww","#1833","The ever","","https://cdn.discordapp.com/attachments/1049093433320558692/1061974465220718643/image.png"
"2023-01-09,18:50:38","PolandBall132","#0699","","","https://cdn.discordapp.com/attachments/1049093433320558692/1061975286368976896/YouCut_20230109_161138415.mp4"
"2023-01-09,18:54:11","Krisan","#8817","Where the hell  r u","",""
"2023-01-09,19:17:05","swave","#7502","The bg music is good","PolandBall132#0699",""
"2023-01-09,19:17:10","placeholder","#7729","<@640066601290301471>","PolandBall132#0699","https://cdn.discordapp.com/attachments/1049093433320558692/1061981959636647936/image.png"
"2023-01-09,19:18:45","Uri","#1700","BRO I FUCKIN HATE","",""
"2023-01-09,19:18:47","Uri","#1700","MY DAD","",""
"2023-01-09,19:18:54","Uri","#1700","I ALREADY HELPED MY LITTLE SISTER AND SHE MADE ME MAD","",""
"2023-01-09,19:19:03","Uri","#1700","THEN HE SAID I CANT PLAY ANYMORE FOR TODAY BECAUSE OF IT","",""
"2023-01-09,19:19:06","Uri","#1700","MAN WHAT THE FUCK","",""
"2023-01-09,19:19:29","Uri","#1700","ok me : OK","",""
"2023-01-09,19:21:00","PolandBall132","#0699","BRO","",""
"2023-01-09,19:21:07","placeholder","#7729","NOOO","",""
"2023-01-09,19:21:13","PolandBall132","#0699","CHI DID WEIRD STUFF TO A BOY","",""
"2023-01-09,19:21:15","PolandBall132","#0699","WTH CHI","",""
"2023-01-09,19:21:20","placeholder","#7729","üíÄ ‚ò†Ô∏è","",""
"2023-01-09,19:24:11","swave","#7502","Bro chi is so ryan nowadays
..wtf man","",""
"2023-01-09,19:38:50","swave","#7502","HOLY SHIT","",""
"2023-01-09,19:38:52","Krisan","#8817","‚ùåyou're wrong
Sulfuric acid","",""
"2023-01-09,19:39:03","swave","#7502","I CANT EVEN LOG IN TO MY MAIN ACCOUNTN IN ROBLOX","",""
"2023-01-09,19:39:07","swave","#7502","Why IS IT SOS LOE","",""
"2023-01-09,19:39:08","Krisan","#8817","Wtf","",""
"2023-01-09,19:39:09","swave","#7502","Slow","",""
"2023-01-09,19:39:14","swave","#7502","Like IT CRASHED OMg","",""
"2023-01-09,19:39:15","Krisan","#8817","Ur wifi?:?","",""
"2023-01-09,19:39:20","swave","#7502","Bro its drivingme insane","",""
"2023-01-09,19:39:23","swave","#7502","My phone","",""
"2023-01-09,19:39:49","swave","#7502","How the fuck do i fix that","",""
"2023-01-09,19:44:15","Uri","#1700","","","https://cdn.discordapp.com/attachments/1049093433320558692/1061988778207621151/image.png"
"2023-01-09,19:45:06","swave","#7502","lets play stumble guys","",""
"2023-01-09,19:47:02","Uri","#1700","<@857499963784560693> <@640066601290301471>","placeholder#7729„ÄÅPolandBall132#0699",""
"2023-01-09,19:47:03","Uri","#1700","wanna play","",""
"2023-01-09,19:47:28","placeholder","#7729","0wher","",""
"2023-01-09,19:48:32","Uri","#1700","im getting an ai","",""
"2023-01-09,19:48:33","Uri","#1700","to code a chea","",""
"2023-01-09,19:48:34","Uri","#1700","cheat","",""
"2023-01-09,19:48:35","Uri","#1700","lol","",""
"2023-01-09,20:02:16","com_ww","#1833","sus","","https://cdn.discordapp.com/attachments/1049093433320558692/1061993313428832346/image.png"
"2023-01-09,20:02:24","com_ww","#1833","Chivi would love this sword","",""
"2023-01-09,20:03:31","placeholder","#7729","","","https://cdn.discordapp.com/attachments/1049093433320558692/1061993625942241300/image.png"
"2023-01-09,20:04:27","com_ww","#1833","whats that game","",""
"2023-01-09,20:04:40","PolandBall132","#0699","work at a pizza place","",""
"2023-01-09,20:04:49","PolandBall132","#0699","its so fun if u troll","",""
"2023-01-09,20:10:47","Uri","#1700","do uy guys","",""
"2023-01-09,20:10:49","Uri","#1700","wanna hear the full dream","",""
"2023-01-09,20:10:51","Uri","#1700","ok so","",""
"2023-01-09,20:11:06","Uri","#1700","my dream was me waking up from my bed from a dream","",""
"2023-01-09,20:11:13","Uri","#1700","then going as usual like my normal life","",""
"2023-01-09,20:11:20","Uri","#1700","then i saw craboi streaming on discord server","",""
"2023-01-09,20:11:23","Uri","#1700","he was making music","",""
"2023-01-09,20:11:29","Uri","#1700","AND APPARENTLY","",""
"2023-01-09,20:11:34","Uri","#1700","THERE WAS THIS GUY BRIAN JOINED TOO","",""
"2023-01-09,20:11:40","Uri","#1700","i think it was ryan but my brain just","",""
"2023-01-09,20:11:53","Uri","#1700","but yeah his name was brian but i think it was supposed to be ryan","",""
"2023-01-09,20:14:37","Uri","#1700","it was the weirdest dream ever","",""
"2023-01-09,20:14:42","Uri","#1700","i think i should remake the music i heard in my dream","",""
"2023-01-09,20:14:44","Uri","#1700","it was some sort of megalo","",""
"2023-01-09,20:16:30","com_ww","#1833","rian","",""
"2023-01-09,20:21:18","Krisan","#8817","hi i will be playing notitg","",""
"2023-01-09,20:21:25","Uri","#1700","i think","",""
"2023-01-09,20:21:27","Uri","#1700","im just overthinking but","",""
"2023-01-09,20:21:37","Uri","#1700","thats why i hate ryan rn","",""
"2023-01-09,20:21:40","Uri","#1700","i dont wanna say it","",""
"2023-01-09,20:24:03","placeholder","#7729","OMG..","",""
"2023-01-09,20:24:07","placeholder","#7729","i laugh so hard","",""
"2023-01-09,20:24:11","Krisan","#8817","hi wanna watch me playing notitg","",""
"2023-01-09,20:24:11","placeholder","#7729","i like trolling in work at a pizza place","",""
"2023-01-09,20:24:33","Uri","#1700","i tricked openai into making an aimbot","",""
"2023-01-09,20:24:38","Krisan","#8817","hi wanna watch me playing notitg","",""
"2023-01-09,20:25:37","placeholder","#7729","XDXD","","https://cdn.discordapp.com/attachments/1049093433320558692/1061999187362848859/image.png"
"2023-01-09,20:25:43","Krisan","#8817","hi wanna watch me playing notitg","",""
"2023-01-09,20:26:58","Uri","#1700","yes","",""
"2023-01-09,20:27:01","Uri","#1700","but ima join the trolling","",""
"2023-01-09,20:27:02","Uri","#1700","<@659633232421191710>","Craboi#3775",""
"2023-01-09,20:27:23","Uri","#1700","Plz join","",""
"2023-01-09,20:29:14","placeholder","#7729","<@493732255076974602> join us","Uri#1700",""
"2023-01-09,20:29:18","Krisan","#8817","HI WANNA WATH me","",""
"2023-01-09,20:29:18","placeholder","#7729",":)","",""
"2023-01-09,20:29:19","Krisan","#8817","pLAYING NOTITG","",""
"2023-01-09,20:29:29","Krisan","#8817","plz","",""
"2023-01-09,20:30:13","com_ww","#1833","yoooo notitg","",""
"2023-01-09,20:30:25","com_ww","#1833","Uksrt X","",""
"2023-01-09,20:30:54","Krisan","#8817","WANNA WATCH ME PLAY NOTITG","",""
"2023-01-09,20:30:55","Krisan","#8817","<@635817171506954250>","com_ww#1833",""
"2023-01-09,20:31:03","Krisan","#8817","no one","",""
"2023-01-09,20:31:08","com_ww","#1833","late r","",""
"2023-01-09,20:36:00","PolandBall132","#0699","LOL","",""
"2023-01-09,20:36:02","PolandBall132","#0699","<@493732255076974602> <@857499963784560693>","Uri#1700„ÄÅplaceholder#7729",""
"2023-01-09,20:36:03","PolandBall132","#0699","OI GOT KICKED","",""
"2023-01-09,20:36:09","PolandBall132","#0699","","","https://cdn.discordapp.com/attachments/1049093433320558692/1062001837236027392/image.png"
"2023-01-09,20:36:15","PolandBall132","#0699","<@857499963784560693> <@493732255076974602>","Uri#1700„ÄÅplaceholder#7729",""
"2023-01-09,20:36:24","Uri","#1700","LOL","",""
"2023-01-09,20:36:34","PolandBall132","#0699","I AM THE WORST MANAGER IN OHIO THE FACT I GOT KICKED","",""
"2023-01-09,20:36:52","PolandBall132","#0699","NOOOOO","",""
"2023-01-09,20:36:56","PolandBall132","#0699","WE GONNA JOIN ANOTHER SERVER","",""
"2023-01-09,20:37:01","PolandBall132","#0699","CAUSE I AM BANNE","",""
"2023-01-09,20:37:02","PolandBall132","#0699","LOL","",""
"2023-01-09,20:37:45","Krisan","#8817","hi who wanna watch","",""
"2023-01-09,20:37:48","placeholder","#7729","poland","",""
"2023-01-09,20:37:50","placeholder","#7729","join another server","",""
"2023-01-09,20:37:52","PolandBall132","#0699","yeah","",""
"2023-01-09,20:37:55","PolandBall132","#0699","leave","",""
"2023-01-09,20:39:12","PolandBall132","#0699","CHI AND LEMON","",""
"2023-01-09,20:39:16","PolandBall132","#0699","JOIN OTHER SERVER","",""
"2023-01-09,20:39:31","PolandBall132","#0699","I FOUND A SERVER WITH NOOBS","",""
"2023-01-09,20:39:32","placeholder","#7729","o shi","",""
"2023-01-09,20:39:35","placeholder","#7729","u joined 288ms","",""
"2023-01-09,20:39:57","PolandBall132","#0699","i found a stable","",""
"2023-01-09,20:39:58","PolandBall132","#0699","place","",""
"2023-01-09,20:40:04","PolandBall132","#0699","and we need to destroy it","",""
"2023-01-09,20:49:30","PolandBall132","#0699","","","https://cdn.discordapp.com/attachments/1049093433320558692/1062005196558958654/image.png"
"2023-01-09,20:49:32","PolandBall132","#0699","<@493732255076974602> <@857499963784560693> <@989851167389548564>","Uri#1700„ÄÅKrisan#8817„ÄÅplaceholder#7729",""
"2023-01-09,20:55:26","placeholder","#7729","","","https://cdn.discordapp.com/attachments/1049093433320558692/1062006693434769518/image.png"
"2023-01-09,20:57:46","com_ww","#1833","WHAT in the fuck was a zoober","",""
"2023-01-09,20:58:45","swave","#7502","Black niggas riding on the cool people trains","",""
"2023-01-09,20:59:54","placeholder","#7729","","","https://cdn.discordapp.com/attachments/1049093433320558692/1062007816895877200/image.png"
"2023-01-09,21:00:09","PolandBall132","#0699","","","https://cdn.discordapp.com/attachments/1049093433320558692/1062007878245949580/image.png"
"2023-01-09,21:07:42","Krisan","#8817","","","https://cdn.discordapp.com/attachments/1049093433320558692/1062009777904955442/image.png"
"2023-01-09,21:07:51","Uri","#1700","LOL","",""
"2023-01-09,21:07:54","Uri","#1700","This is so funny","",""
"2023-01-09,21:09:09","Krisan","#8817","kkidnap","","https://cdn.discordapp.com/attachments/1049093433320558692/1062010144302563328/image.png"
"2023-01-09,21:09:31","Uri","#1700","why chi left üò≠","",""
"2023-01-09,21:10:04","Krisan","#8817","sleepso","",""
"2023-01-09,21:18:51","Krisan","#8817","","","https://cdn.discordapp.com/attachments/1049093433320558692/1062012582875115560/RobloxScreenShot20230109_211824212.png"
"2023-01-09,21:20:17","Krisan","#8817","","","https://cdn.discordapp.com/attachments/1049093433320558692/1062012944281501696/image.png"
"2023-01-09,21:23:10","com_ww","#1833","<@989851167389548564> <@493732255076974602> <@640066601290301471> Can we play something else","Uri#1700„ÄÅKrisan#8817„ÄÅPolandBall132#0699",""
"2023-01-09,21:37:37","Krisan","#8817","im waiting","",""
"2023-01-09,21:37:54","PolandBall132","#0699","that was fun","",""
"2023-01-09,21:37:57","PolandBall132","#0699","lets do it again tomorrow","",""
"2023-01-09,21:38:25","Uri","#1700","iM WATCHING","",""
"2023-01-09,21:38:27","Uri","#1700","u just dont see it","",""
"2023-01-09,21:38:33","Krisan","#8817","proof","",""
"2023-01-09,21:38:38","Krisan","#8817","can u hear crystallized","",""
"2023-01-09,21:38:43","Uri","#1700","no","",""
"2023-01-09,21:38:46","Uri","#1700","r u using web desktop","",""
"2023-01-09,21:38:48","Uri","#1700","nvm","",""
"2023-01-09,21:38:50","Uri","#1700","i can hear","",""
"2023-01-09,21:38:50","Krisan","#8817","yes","",""
"2023-01-09,21:39:02","Uri","#1700","Play actual rhtyhm games it make u good omg","",""
"2023-01-09,21:39:05","Uri","#1700","like osu mania my accuracy went up a lot","",""
"2023-01-09,21:42:02","Krisan","#8817","crystallized is easierr lol","",""
"2023-01-09,21:46:47","Krisan","#8817","OK IM TO sleep","",""
"2023-01-09,22:11:27","Uri","#1700","<@640066601290301471>","PolandBall132#0699",""
"2023-01-09,22:11:33","Uri","#1700","dude frigid dusk is so scarier","",""
"2023-01-09,22:11:36","Uri","#1700","ESPECIALLY ON VR","",""
"2023-01-09,22:11:48","Uri","#1700","There's a ladder mechanic where you have to move like your climbing one","",""
"2023-01-09,22:11:53","Uri","#1700","SCARY OMG","",""
"2023-01-09,22:14:15","PolandBall132","#0699","wth","",""
"2023-01-09,22:14:19","PolandBall132","#0699","that is more scarier","",""
"2023-01-10,06:49:36","PolandBall132","#0699","","","https://cdn.discordapp.com/attachments/1049093433320558692/1062156219281842258/YouCut_20230110_015642636.mp4"
"2023-01-10,06:52:36","PolandBall132","#0699","","","https://cdn.discordapp.com/attachments/1049093433320558692/1062156974806024202/videoplayback_58.mp4"
"2023-01-10,07:49:28","carl0s","#6512","Resso mean","",""
"2023-01-10,07:54:33","PolandBall132","#0699","so mean","",""
"2023-01-10,07:54:41","placeholder","#7729","so mean","",""
"2023-01-10,07:59:37","PolandBall132","#0699","","","https://cdn.discordapp.com/attachments/1049093433320558692/1062173837397086218/YouCut_20230110_085857612.mp4"
"2023-01-10,08:00:55","PolandBall132","#0699","perfectly cut scream","",""
"2023-01-10,08:01:07","placeholder","#7729","i wonder if","",""
"2023-01-10,08:01:18","placeholder","#7729","trolling again ü§£","",""
"2023-01-10,08:04:49","PolandBall132","#0699","color battles perfectly cut scream","",""
"2023-01-10,08:55:06","PolandBall132","#0699","","","https://cdn.discordapp.com/attachments/1049093433320558692/1062187799945695252/videoplayback_80.mp4"
"2023-01-10,09:25:31","placeholder","#7729","I VOTE all","PolandBall132#0699",""
"2023-01-10,09:32:15","placeholder","#7729","d-","",""
"2023-01-10,09:34:05","PolandBall132","#0699","letstroll","",""
"2023-01-10,09:34:07","PolandBall132","#0699","waapp","",""
"2023-01-10,09:35:56","placeholder","#7729","haha","",""
"2023-01-10,09:36:02","placeholder","#7729","trolling looks funny","",""
"2023-01-10,09:36:06","placeholder","#7729","FUNNY HOW","",""
"2023-01-10,09:36:10","placeholder","#7729","1 guy","",""
"2023-01-10,09:36:15","placeholder","#7729","called us ""toxic group""","",""
"2023-01-10,09:37:22","com_ww","#1833","<@640066601290301471> Wanna play with me","PolandBall132#0699",""
"2023-01-10,09:37:25","com_ww","#1833","sword factory x","",""
"2023-01-10,09:39:38","RyanLuke","#6177","i guyus","",""
"2023-01-10,09:39:39","RyanLuke","#6177","hi guys","",""
"2023-01-10,09:40:15","com_ww","#1833","<@513679956027637761> Sword factory x?","RyanLuke#6177",""
"2023-01-10,09:40:25","RyanLuke","#6177","im","",""
"2023-01-10,09:40:28","RyanLuke","#6177","busy grinding my alt","",""
"2023-01-10,09:40:29","RyanLuke","#6177","s","",""
"2023-01-10,09:40:44","PolandBall132","#0699","playing work at a pizza place again","com_ww#1833",""
"2023-01-10,09:40:52","placeholder","#7729","lol same","",""
"2023-01-10,09:40:52","PolandBall132","#0699","","","https://cdn.discordapp.com/attachments/1049093433320558692/1062199319383523337/YouCut_20230110_085857612.mp4"
"2023-01-10,09:40:57","placeholder","#7729","yesterday was funny","",""
"2023-01-10,09:41:02","placeholder","#7729","throwing people to oven","",""
"2023-01-10,09:41:06","placeholder","#7729","making customer die","",""
"2023-01-10,09:41:12","RyanLuke","#6177","put all the soda in all the ovens","",""
"2023-01-10,09:41:17","RyanLuke","#6177","i used to carry the npcs into the ovens","",""
"2023-01-10,09:41:25","RyanLuke","#6177","then a server turned me into a cult","",""
"2023-01-10,09:41:31","RyanLuke","#6177","then the pizza place turned into a sacrificial cult","",""
"2023-01-10,09:41:49","PolandBall132","#0699","","","https://cdn.discordapp.com/attachments/1049093433320558692/1062199558597263400/YouCut_20230110_085857612.mp4"
"2023-01-10,09:42:19","PolandBall132","#0699","i will make episode 4 in 4.76 billion years","",""
"2023-01-10,09:56:44","placeholder","#7729","YEEEY","","https://cdn.discordapp.com/attachments/1049093433320558692/1062203312218308638/image.png"
"2023-01-10,10:01:13","placeholder","#7729","","","https://cdn.discordapp.com/attachments/1049093433320558692/1062204438443470959/image.png"
"2023-01-10,10:01:49","RyanLuke","#6177","wat tat","",""
"2023-01-10,10:02:00","placeholder","#7729","tis is work at a pizza place","",""
"2023-01-10,10:02:07","placeholder","#7729","funny trolling again","",""
"2023-01-10,10:02:08","placeholder","#7729",":rofl","",""
"2023-01-10,10:02:09","RyanLuke","#6177","ik","",""
"2023-01-10,10:02:16","RyanLuke","#6177","why is the water oil","",""
"2023-01-10,10:02:16","placeholder","#7729","sustainable car","",""
"2023-01-10,10:10:56","PolandBall132","#0699","","","https://cdn.discordapp.com/attachments/1049093433320558692/1062206888076378112/videoplayback_80.mp4"
"2023-01-10,10:13:56","com_ww","#1833","blind language","","https://cdn.discordapp.com/attachments/1049093433320558692/1062207640417091644/image.png"
"2023-01-10,10:16:05","com_ww","#1833","Okay i translated it","",""
"2023-01-10,10:18:06","RyanLuke","#6177","brail","",""
"2023-01-10,10:18:08","RyanLuke","#6177","thats what i saw","",""
"2023-01-10,10:18:25","com_ww","#1833","it meant ""yo momma""","RyanLuke#6177",""
"2023-01-10,10:18:39","RyanLuke","#6177","brug","",""
"2023-01-10,10:32:09","RyanLuke","#6177","@nixso","","https://cdn.discordapp.com/attachments/1049093433320558692/1062212224212541520/Fj9pz_XWAAATQq0.png"
"2023-01-10,10:32:16","RyanLuke","#6177","ok i forogt he wass banend","",""
"2023-01-10,10:32:20","RyanLuke","#6177","@Nix","",""
"2023-01-10,10:32:25","RyanLuke","#6177","@aafni","",""
"2023-01-10,10:32:26","RyanLuke","#6177","ok","",""
"2023-01-10,10:36:22","placeholder","#7729","","","https://cdn.discordapp.com/attachments/1049093433320558692/1062213285056892928/image.png"
"2023-01-10,10:40:15","placeholder","#7729","","","https://cdn.discordapp.com/attachments/1049093433320558692/1062214263437021336/image.png"
"2023-01-10,11:13:37","PolandBall132","#0699","LOL","",""
"2023-01-10,11:13:39","PolandBall132","#0699","THAT WAS FUN","",""
"2023-01-10,11:13:52","PolandBall132","#0699","makes me wanna","","https://cdn.discordapp.com/attachments/1049093433320558692/1062222721779515442/YouCut_20230110_085857612.mp4"
"2023-01-10,11:30:06","Craboi","#3775","hu guys","",""
"2023-01-10,11:30:42","Craboi","#3775","","","https://cdn.discordapp.com/attachments/1049093433320558692/1062226957581951046/1RaZNvOpzGimJp-N.mp4"
"2023-01-10,11:31:35","Craboi","#3775","bruh whose car is this üíÄ","","https://cdn.discordapp.com/attachments/1049093433320558692/1062227181318713374/BfWI2kCXmPrZp8ip.mp4"
"2023-01-10,13:22:48","RyanLuke","#6177","what happened to work at a pizza place","",""
"2023-01-10,13:22:53","RyanLuke","#6177","whjy cant i find it","",""
"2023-01-10,13:23:11","RyanLuke","#6177","","","https://cdn.discordapp.com/attachments/1049093433320558692/1062255268299280415/image.png"
"2023-01-10,13:24:47","PolandBall132","#0699","","","https://cdn.discordapp.com/attachments/1049093433320558692/1062255671585816577/image.png"
"2023-01-10,13:24:49","PolandBall132","#0699","the chat is so funny","",""
"2023-01-10,13:29:33","RyanLuke","#6177","how do u","",""
"2023-01-10,13:30:17","RyanLuke","#6177","is it shadowbanned","",""
"2023-01-10,13:30:37","RyanLuke","#6177","ook i found he game","",""
"2023-01-10,13:44:21","RyanLuke","#6177","Let","",""
"2023-01-10,13:44:22","RyanLuke","#6177","s p[","",""
"2023-01-10,13:44:25","RyanLuke","#6177","Le's play among us guyus","",""
"2023-01-10,13:47:17","PolandBall132","#0699","","","https://cdn.discordapp.com/attachments/1049093433320558692/1062261333560676412/2023-01-10_14-34-23.mp4"
"2023-01-10,13:56:48","PolandBall132","#0699","","","https://cdn.discordapp.com/attachments/1049093433320558692/1062263726222344302/2023-01-10_14-44-00.mp4"
"2023-01-10,14:17:39","PolandBall132","#0699","<@993136313823932507>","swave#7502",""
"2023-01-10,14:17:40","PolandBall132","#0699","lol","",""
"2023-01-10,15:25:11","com_ww","#1833","<@640066601290301471> lets play something","PolandBall132#0699",""
"2023-01-10,15:25:25","PolandBall132","#0699","i am on mobile sadddddd","",""
"2023-01-10,15:25:36","PolandBall132","#0699","idk how long my little brother will play","",""
"2023-01-10,15:26:02","com_ww","#1833","Oh  my god","",""
"2023-01-10,15:26:49","PolandBall132","#0699","we will play","",""
"2023-01-10,15:26:51","PolandBall132","#0699","i promise","",""
"2023-01-10,15:27:05","PolandBall132","#0699","i only got one assignment anyway real","",""
"2023-01-10,15:27:45","swave","#7502","Testong","",""
"2023-01-10,15:31:33","PolandBall132","#0699","","","https://cdn.discordapp.com/attachments/1049093433320558692/1062287572845461544/Screenshot_2023-01-10_163117.jpg"
"2023-01-10,15:39:55","com_ww","#1833","cololr battles yeah","",""
"2023-01-10,15:40:31","PolandBall132","#0699","the","","https://cdn.discordapp.com/attachments/1049093433320558692/1062289828634447912/YouCut_20230110_085857612.mp4"
"2023-01-10,16:40:05","PolandBall132","#0699","","Craboi#3775","https://cdn.discordapp.com/attachments/1049093433320558692/1062304817499877386/20230110_085306.jpg"
"2023-01-10,16:47:12","PolandBall132","#0699","","","https://cdn.discordapp.com/attachments/1049093433320558692/1062306607721086976/Untitled_1.mp4"
"2023-01-10,17:00:58","com_ww","#1833","color battle REMASTER","PolandBall132#0699",""
"2023-01-10,17:19:02","placeholder","#7729","dog","PolandBall132#0699",""
"2023-01-10,17:19:49","placeholder","#7729","üßå","","https://cdn.discordapp.com/attachments/1049093433320558692/1062314817899200572/image.png"
"2023-01-10,17:19:56","placeholder","#7729","https://tenor.com/view/shut-up-fuck-gif-26462161","",""
"2023-01-10,17:31:07","PolandBall132","#0699","","placeholder#7729","https://cdn.discordapp.com/attachments/1049093433320558692/1062317662945951825/20230110_085306.jpg"
"2023-01-10,17:31:24","placeholder","#7729","https://tenor.com/view/funny-animals-gif-22834345","",""
"2023-01-10,17:35:01","com_ww","#1833","oh my hot roblox","",""
"2023-01-10,17:46:49","swave","#7502","Why do i smell novak","placeholder#7729",""
"2023-01-10,17:47:08","PolandBall132","#0699","","","https://cdn.discordapp.com/attachments/1049093433320558692/1062321691822411816/Untitled396_20230110181518.png"
"2023-01-10,17:47:23","Krisan","#8817","never type water white","",""
"2023-01-10,17:48:18","com_ww","#1833","water-white
adjective
: approaching water in colorlessness and clarity","",""
"2023-01-10,17:48:37","Krisan","#8817","yeah!","",""
"2023-01-10,17:49:40","carl0s","#6512","Magic Octupus","",""
"2023-01-10,17:55:06","PolandBall132","#0699","","","https://cdn.discordapp.com/attachments/1049093433320558692/1062323698901712896/Untitled397_20230110185453.png"
"2023-01-10,17:55:36","placeholder","#7729","youtube.com/watch?v=zgH1RWBmZkA","",""
"2023-01-10,17:55:50","placeholder","#7729","https://youtube.com/watch?v=zgH1RWBmZkA","",""
"2023-01-10,17:55:59","placeholder","#7729","anything but kris' windows 8.1:","",""
"2023-01-10,17:56:07","PolandBall132","#0699","windows 10 :","",""
"2023-01-10,17:56:24","placeholder","#7729","""come here""","",""
"2023-01-10,17:56:55","Krisan","#8817","i dont wanna use window 10","",""
"2023-01-10,17:56:57","Krisan","#8817","its SUPER LAGGING","",""
"2023-01-10,17:57:10","placeholder","#7729","did u windows 7","",""
"2023-01-10,17:57:23","Krisan","#8817","no","",""
"2023-01-10,18:09:18","PolandBall132","#0699","he use windows XP","",""
"2023-01-10,18:09:26","placeholder","#7729","lol","",""
"2023-01-10,18:09:30","placeholder","#7729","i kne wit","",""
"2023-01-10,18:09:41","PolandBall132","#0699","if not","",""
"2023-01-10,18:09:43","PolandBall132","#0699","windows 98","",""
"2023-01-10,18:09:44","placeholder","#7729","btw","",""
"2023-01-10,18:09:47","placeholder","#7729","OMG WINDOWS 98","",""
"2023-01-10,18:09:51","placeholder","#7729","can he play","",""
"2023-01-10,18:09:56","placeholder","#7729","robloblbo in windows 98","",""
"2023-01-10,18:09:57","placeholder","#7729",":O","",""
"2023-01-10,18:10:15","PolandBall132","#0699","IF NOT","",""
"2023-01-10,18:10:17","PolandBall132","#0699","windows NT","",""
"2023-01-10,18:10:55","Krisan","#8817","LETS","",""
"2023-01-10,18:10:57","Krisan","#8817","NOOB vs dummies","",""
"2023-01-10,18:11:00","Krisan","#8817","<@857499963784560693>","placeholder#7729",""
"2023-01-10,18:11:08","placeholder","#7729","more dumb vs dumb","",""
"2023-01-10,18:11:08","placeholder","#7729","xde","",""
"2023-01-10,18:11:53","PolandBall132","#0699","more dumb vs dumb vs smart vs nerd vs HACKER","",""
"2023-01-10,18:12:01","Krisan","#8817","JHOin","",""
"2023-01-10,18:12:02","Krisan","#8817","if wanna poland","",""
"2023-01-10,18:12:10","placeholder","#7729","who vip ser","",""
"2023-01-10,18:12:14","Krisan","#8817","yours","",""
"2023-01-10,18:12:20","PolandBall132","#0699","am do some tower battles","",""
"2023-01-10,18:32:30","placeholder","#7729","duoing with kris","","https://cdn.discordapp.com/attachments/1049093433320558692/1062333111158976593/image.png"
"2023-01-10,18:32:34","placeholder","#7729","got to wave 7","",""
"2023-01-10,18:34:05","PolandBall132","#0699","me and kris got to wave 7 too!!!!!!!!!!!!!!!!!!!!!!!!!!!!!!!!!!!!!!!!!!!!!!!!!!!!!!!!!!!!!!!!!!!!!!!!!!!!!!!!!!!!!!!!!!!!!!!!!!!!!!!!!!!!!!!!!!!!!!!!!!!!!!!!!!!!!!!!!!!!!!!!!!!!!!!!!!!!!!!!!!!!!!!!!!!!!!!!!!!!!!!!!!!!!!!!!!!!!!!!!!!!!!!!!!!!!!!!!!!!!!!!!!!!!!!!!!!!!!!!!!!!!!!!!!!!!!!!!!!!!!!!!!!!!!!!!!!!!!!!!!!!!!!!!!!!!!!!!!!!!!!!!!!!!!!!!!!!!!!!!!!!!!!!!!!!!!!!!!!!!!!!!!!!!!!!!!!!!!!!!!!!!!!!!!!!!!!!!!!!!!!!!!!!!!!!!!!!!!!!!!!!!!!!!!!!!!!!!!!!!!!!!!!!!!!!!!!!!!!!!!!!!!!!!!!!!!!!!!!!!!!!!!!!!!!!!!!!!!!!!!!!!!!!!!!!!!!!!!!!!!!!!!!!!!!!!!!!!!!!!!!!!!!!!!!!!!!!!!!!!!!!!!!!!!!!!!!!!!!!!!!!!!!!!!!!!!!!!!!!!!!!!!!!!!!!!!!!!!!!!!!!!!!!!!!!!!!!!!!!!!!!!!!!!!!!!!!!!!!!!!!!!!!!!!!!!!!!!!!!!!!!!!!!!!!!!!!!!!!!!!!!!!!!!!!!!!!!!!!!!!!!!!!!!!!!!!!!!!!!!!!!!!!!!!!!!!!!!!!!","",""
"2023-01-10,19:03:08","swave","#7502","me trolls users es windows 8.1 troliaron","placeholder#7729",""
"2023-01-10,19:03:15","swave","#7502","i use windows 8.1","",""
"2023-01-10,19:09:05","carl0s","#6512","hells s(wave) üëã","",""
"2023-01-10,19:09:13","carl0s","#6512","lol do u get joke","",""
"2023-01-10,19:09:33","com_ww","#1833","Oh my god car lock wanna sword factory X","carl0s#6512",""
"2023-01-10,19:09:49","carl0s","#6512","cant assignment","",""
"2023-01-10,19:14:48","swave","#7502","sd","carl0s#6512",""
"2023-01-10,19:17:16","com_ww","#1833","Wanna cook burger","swave#7502",""
"2023-01-10,19:17:19","placeholder","#7729","yes","",""
"2023-01-10,19:17:39","swave","#7502","cant im so finals tests rn","",""
"2023-01-10,19:17:42","swave","#7502","must super study","",""
"2023-01-10,19:23:45","PolandBall132","#0699","YES","com_ww#1833",""
"2023-01-10,19:24:51","PolandBall132","#0699","jtoh :","swave#7502",""
"2023-01-10,19:25:00","placeholder","#7729","les kil cusotmers","PolandBall132#0699",""
"2023-01-10,19:25:05","placeholder","#7729","who cook burger vip ser","",""
"2023-01-10,19:25:09","PolandBall132","#0699","me","",""
"2023-01-10,19:25:22","placeholder","#7729","if they hate our precious food","",""
"2023-01-10,19:25:40","placeholder","#7729","les","",""
"2023-01-10,19:25:42","placeholder","#7729","join","",""
"2023-01-10,19:26:01","PolandBall132","#0699","https://www.roblox.com/games/2971329387?privateServerLinkCode=54128475652197517879284880269504","placeholder#7729",""
"2023-01-10,19:26:36","swave","#7502","im play 30 Minuts","PolandBall132#0699",""
"2023-01-10,19:27:07","PolandBall132","#0699","","swave#7502","https://cdn.discordapp.com/attachments/1049093433320558692/1062346852915224718/Untitled_1.mp4"
"2023-01-10,19:28:19","swave","#7502","im calling yesus","",""
"2023-01-10,19:49:10","PolandBall132","#0699","<@857499963784560693>","placeholder#7729",""
"2023-01-10,19:49:12","PolandBall132","#0699","pizza job","",""
"2023-01-10,19:50:40","PolandBall132","#0699","<@857499963784560693>","placeholder#7729",""
"2023-01-10,19:50:41","PolandBall132","#0699","wait","",""
"2023-01-10,19:50:46","PolandBall132","#0699","am find a noob server","",""
"2023-01-10,19:51:16","PolandBall132","#0699","ok","",""
"2023-01-10,19:53:26","placeholder","#7729","did u finish find noob server","",""
"2023-01-10,20:50:54","com_ww","#1833","üåä / üå´Ô∏è / üåª","","https://cdn.discordapp.com/attachments/1049093433320558692/1062367936846757888/image.png"
"2023-01-10,20:54:28","PolandBall132","#0699","11 months and wth","",""
"2023-01-10,21:02:01","com_ww","#1833","The keithlin is 15 years old","",""
"2023-01-10,21:02:15","PolandBall132","#0699","","","https://cdn.discordapp.com/attachments/1049093433320558692/1062370793658519682/2023-01-10_21-49-21.mp4"
"2023-01-11,07:13:20","RyanLuke","#6177","Hi guus","",""
"2023-01-11,07:39:40","placeholder","#7729","helo","",""
"2023-01-11,07:46:48","RyanLuke","#6177","the joyous rides of glaggleland","",""
"2023-01-11,08:14:26","PolandBall132","#0699","","","https://cdn.discordapp.com/attachments/1049093433320558692/1062539956431630478/20230111_091408.jpg"
"2023-01-11,08:16:52","placeholder","#7729","st","PolandBall132#0699",""
"2023-01-11,08:20:04","PolandBall132","#0699","","","https://cdn.discordapp.com/attachments/1049093433320558692/1062541374232203394/20230111_091759.jpg"
"2023-01-11,08:29:32","RyanLuke","#6177","glaggleland","",""
"2023-01-11,08:30:05","placeholder","#7729","shut up ryan üò°","",""
"2023-01-11,08:30:12","PolandBall132","#0699","dude...","",""
"2023-01-11,08:30:17","PolandBall132","#0699","do you remember what i feared","",""
"2023-01-11,08:30:31","PolandBall132","#0699","uhhh","",""
"2023-01-11,08:30:34","PolandBall132","#0699","i am t alking to ryan","",""
"2023-01-11,08:30:37","placeholder","#7729","oh oke","",""
"2023-01-11,08:30:41","PolandBall132","#0699","https://tenor.com/view/math-solve-gif-25965255","",""
"2023-01-11,08:38:00","PolandBall132","#0699","","","https://cdn.discordapp.com/attachments/1049093433320558692/1062545887278157904/chaoz_fantasy_beepbox_8_bit.mp3"
"2023-01-11,08:44:25","Krisan","#8817","","","https://cdn.discordapp.com/attachments/1049093433320558692/1062547502643027998/Screenshot_2023-01-11-08-43-50-19_d760d7c8f82f1f4a37c41577033c7a25.jpg"
"2023-01-11,08:48:20","RyanLuke","#6177","wgat","PolandBall132#0699",""
"2023-01-11,08:48:21","RyanLuke","#6177","","","https://cdn.discordapp.com/attachments/1049093433320558692/1062548489298509904/OJTh-pJmSIiJp48l.mp4"
"2023-01-11,09:34:34","PolandBall132","#0699","i am going absent from school","",""
"2023-01-11,09:34:39","placeholder","#7729","moment","",""
"2023-01-11,09:34:40","placeholder","#7729","why","",""
"2023-01-11,09:34:47","PolandBall132","#0699","my nephew birthday grrr","",""
"2023-01-11,09:34:53","PolandBall132","#0699","my little brother is lucky hes morning class","",""
"2023-01-11,09:34:59","PolandBall132","#0699","and i afternoon class üò¢","",""
"2023-01-11,09:35:22","PolandBall132","#0699","means i am not gonna be there when me schooling","",""
"2023-01-11,10:15:55","placeholder","#7729","poland origin villain story","",""
"2023-01-11,10:21:50","PolandBall132","#0699","the ak in my backpack :","",""
"2023-01-11,10:22:19","placeholder","#7729","the fbi watching you rn:","",""
"2023-01-11,10:55:24","com_ww","#1833","https://www.bilibili.com/video/BV1Xe411F7bq/","",""
"2023-01-11,10:58:21","placeholder","#7729","wth","",""
"2023-01-11,10:58:25","placeholder","#7729","is he coping me","",""
"2023-01-11,11:16:52","RyanLuke","#6177","","","https://cdn.discordapp.com/attachments/1049093433320558692/1062585868478586900/20230111_093148.jpg"
"2023-01-11,11:21:38","com_ww","#1833","hear the song ever","placeholder#7729",""
"2023-01-11,11:26:21","placeholder","#7729","thumbnail:","com_ww#1833",""
"2023-01-11,14:47:19","PolandBall132","#0699","","","https://cdn.discordapp.com/attachments/1049093433320558692/1062638826029322250/YouCut_20230111_153941122.mp4"
"2023-01-11,14:56:18","com_ww","#1833","https://www.youtube.com/watch?v=2AGB9ubxlTw","",""
"2023-01-11,15:02:36","swave","#7502","<@640066601290301471>","PolandBall132#0699",""
"2023-01-11,15:02:50","swave","#7502","<@640066601290301471>","PolandBall132#0699",""
"2023-01-11,15:02:51","swave","#7502","POLANDS","",""
"2023-01-11,15:05:55","PolandBall132","#0699","hi","",""
"2023-01-11,15:11:04","swave","#7502","<@640066601290301471> Find the amazing marbles","PolandBall132#0699",""
"2023-01-11,15:12:11","PolandBall132","#0699","oh yeah","",""
"2023-01-11,15:13:03","swave","#7502","wanna continue or nah","",""
"2023-01-11,15:14:52","com_ww","#1833","what","",""
"2023-01-11,15:17:00","PolandBall132","#0699","uhhh later","swave#7502",""
"2023-01-11,15:57:45","RyanLuke","#6177","","","https://cdn.discordapp.com/attachments/1049093433320558692/1062656553557180477/Milk.mp4"
"2023-01-11,16:11:41","PolandBall132","#0699","ok","",""
"2023-01-11,16:11:45","PolandBall132","#0699","lets play <@993136313823932507>","swave#7502",""
"2023-01-11,16:28:30","swave","#7502","lets play...........","",""
"2023-01-11,16:31:57","carl0s","#6512","","","https://cdn.discordapp.com/attachments/1049093433320558692/1062665158759030824/Screenshot_20230111-173134.png"
"2023-01-11,16:32:01","carl0s","#6512","ryan so rich","",""
"2023-01-11,16:32:55","RyanLuke","#6177","guys that says i bought 80 robux","",""
"2023-01-11,16:33:14","carl0s","#6512","yiu bought robuz??","",""
"2023-01-11,16:33:16","carl0s","#6512","so richkid","",""
"2023-01-11,16:33:19","carl0s","#6512","ok brb in school","",""
"2023-01-11,16:33:33","carl0s","#6512","back i meant craboi kid","",""
"2023-01-11,16:33:37","carl0s","#6512","ok brb in school","",""
"2023-01-11,16:33:45","RyanLuke","#6177","craboi is smoking now","",""
"2023-01-11,16:33:48","RyanLuke","#6177","how worse can he get","",""
"2023-01-11,16:41:42","swave","#7502","craboi vapes","",""
"2023-01-11,16:44:12","RyanLuke","#6177","ZAAAZAAAAAAAAAAAAA","",""
"2023-01-11,16:49:35","swave","#7502","zaz","",""
"2023-01-11,16:58:25","com_ww","#1833","hi <@777470585394823168> its rare to see you be online","Blacklisted#4231",""
"2023-01-11,17:29:30","RyanLuke","#6177","Yo is that black from fnf","",""
"2023-01-11,17:32:15","com_ww","#1833","no its cosmicice","",""
"2023-01-11,17:35:40","PolandBall132","#0699","no its cosmicice","",""
"2023-01-11,17:58:28","RyanLuke","#6177","everyones suddenly treating me like a celebrity with the eggman outfit","",""
"2023-01-11,18:15:13","com_ww","#1833","no we arent","",""
"2023-01-11,18:28:27","RyanLuke","#6177","everybody excwpt oyu guys","",""
"2023-01-11,18:28:33","RyanLuke","#6177","","","https://cdn.discordapp.com/attachments/1049093433320558692/1062694504915795989/IMG_20230111_190427.jpg"
"2023-01-11,18:28:35","RyanLuke","#6177","ok i slsep","",""
"2023-01-11,18:28:42","placeholder","#7729","WOW","",""
"2023-01-11,18:28:43","placeholder","#7729","SO EARLY","",""
"2023-01-11,18:28:52","placeholder","#7729","it's only 6pm","",""
"2023-01-11,18:28:54","placeholder","#7729","and u slept","",""
"2023-01-11,18:29:32","Uri","#1700","yiu play WORK AT A PIZZA PLACE FOR THIS?","",""
"2023-01-11,18:29:44","Uri","#1700","bro we play it to simulate gta fr","",""
"2023-01-11,18:29:48","placeholder","#7729","fr","",""
"2023-01-11,18:29:56","placeholder","#7729","we simulated gta","",""
"2023-01-11,18:30:01","placeholder","#7729","where npcs are noob players","",""
"2023-01-11,18:35:55","Uri","#1700","you didnt even join dumbass","",""
"2023-01-11,18:36:02","placeholder","#7729","bruh üíÄ","",""
"2023-01-11,18:36:07","placeholder","#7729","why did i even","",""
"2023-01-11,18:36:08","placeholder","#7729","ok","",""
"2023-01-11,19:08:34","RyanLuke","#6177","7 pm","placeholder#7729",""
"2023-01-11,19:08:35","RyanLuke","#6177","also","",""
"2023-01-11,19:08:38","RyanLuke","#6177","Exams:","",""
"2023-01-11,19:10:09","RyanLuke","#6177","wheres the groupcjat with thsse pinned messages","","https://cdn.discordapp.com/attachments/1049093433320558692/1062704972145373204/Screenshot_20221213_113113.jpg"
"2023-01-11,20:03:16","placeholder","#7729","","","https://cdn.discordapp.com/attachments/1049093433320558692/1062718337798373456/image.png"
"2023-01-11,20:04:34","com_ww","#1833","i tried melon playground","","https://cdn.discordapp.com/attachments/1049093433320558692/1062718666703130624/melonplayg.mp4"
"2023-01-11,21:30:07","Krisan","#8817","DID You have the phone","",""
"2023-01-11,21:30:28","Krisan","#8817","wtf ur phone so good","",""
"2023-01-11,21:30:30","Krisan","#8817","it doesnt even lagging","",""
"2023-01-12,05:25:50","RyanLuke","#6177","H","",""
"2023-01-12,05:25:59","RyanLuke","#6177","death chamber","",""
"2023-01-12,05:26:59","RyanLuke","#6177","","","https://cdn.discordapp.com/attachments/1049093433320558692/1062860201927131236/video_20221025_184901_edit.mp4"
"2023-01-12,05:59:11","Uri","#1700","me when  NIXSOLYTE IS TALKING","",""
"2023-01-12,05:59:21","Uri","#1700","","","https://cdn.discordapp.com/attachments/1049093433320558692/1062868346846064661/IMG_20230111_195342.jpg"
"2023-01-12,06:43:09","placeholder","#7729","me: ok","",""
"2023-01-12,08:05:01","RyanLuke","#6177","check out this cool 3d printer","","https://cdn.discordapp.com/attachments/1049093433320558692/1062899974456737812/20230112_085432.jpg"
"2023-01-12,08:08:43","Krisan","#8817","familliar machine","",""
"2023-01-12,08:10:09","Krisan","#8817","https://tenor.com/view/roblox-r-spongebob-phew-roblox-r63-gif-23935030","",""
"2023-01-12,08:12:56","RyanLuke","#6177","","","https://cdn.discordapp.com/attachments/1049093433320558692/1062901965396385892/20230112_081846.jpg"
"2023-01-12,08:13:34","PolandBall132","#0699","tf","",""
"2023-01-12,08:13:41","PolandBall132","#0699","why cant i upload","",""
"2023-01-12,08:14:09","placeholder","#7729","gta nowadays","",""
"2023-01-12,08:14:23","PolandBall132","#0699","wtf","",""
"2023-01-12,08:14:28","PolandBall132","#0699","i cant upload","",""
"2023-01-12,08:14:37","PolandBall132","#0699","dude wtf discord","",""
"2023-01-12,08:14:42","placeholder","#7729","did u uploading","",""
"2023-01-12,08:14:43","placeholder","#7729","7.99mb","",""
"2023-01-12,08:14:48","PolandBall132","#0699","no no","",""
"2023-01-12,08:14:57","PolandBall132","#0699","FRICK","",""
"2023-01-12,08:15:06","PolandBall132","#0699","I FORGOT I CANT UPLOAD IMAGE TOO","",""
"2023-01-12,08:15:11","placeholder","#7729","üíÄ","",""
"2023-01-12,08:15:12","PolandBall132","#0699","650kb","placeholder#7729",""
"2023-01-12,08:15:19","PolandBall132","#0699","IT WONT LET ME UPLOAD BRUH","",""
"2023-01-12,08:15:28","placeholder","#7729","can you just try restart discord","",""
"2023-01-12,08:15:43","PolandBall132","#0699","tried","",""
"2023-01-12,08:15:46","PolandBall132","#0699","2 times rn","",""
"2023-01-12,08:16:07","placeholder","#7729","moment","",""
"2023-01-12,08:16:08","placeholder","#7729","rip","",""
"2023-01-12,08:16:32","PolandBall132","#0699","649KB WTH","",""
"2023-01-12,08:16:49","PolandBall132","#0699","<@857499963784560693>","placeholder#7729",""
"2023-01-12,08:16:53","PolandBall132","#0699","VC","",""
"2023-01-12,08:16:55","PolandBall132","#0699","general","",""
"2023-01-12,08:17:02","RyanLuke","#6177","","","https://cdn.discordapp.com/attachments/1049093433320558692/1062902999049064488/unknown-184.png"
"2023-01-12,08:17:12","PolandBall132","#0699","vc guys","",""
"2023-01-12,08:17:13","PolandBall132","#0699","look","",""
"2023-01-12,08:17:43","RyanLuke","#6177","melom","",""
"2023-01-12,08:17:54","RyanLuke","#6177","restaet ur","",""
"2023-01-12,08:17:56","RyanLuke","#6177","discord","",""
"2023-01-12,08:17:59","PolandBall132","#0699","what the hell is this","",""
"2023-01-12,08:18:03","RyanLuke","#6177","thats happens to me sometimes","",""
"2023-01-12,08:18:03","PolandBall132","#0699","I","",""
"2023-01-12,08:18:10","RyanLuke","#6177","on mobile","",""
"2023-01-12,08:18:12","PolandBall132","#0699","OK","",""
"2023-01-12,08:18:18","PolandBall132","#0699","restarting my phone","",""
"2023-01-12,08:18:27","PolandBall132","#0699","discord mobile so buggy","",""
"2023-01-12,08:18:32","RyanLuke","#6177","no just discord","",""
"2023-01-12,08:18:38","RyanLuke","#6177","close and open","",""
"2023-01-12,08:18:49","PolandBall132","#0699","","","https://cdn.discordapp.com/attachments/1049093433320558692/1062903448510677002/YouCut_20221025_191213229.mp4"
"2023-01-12,08:18:53","PolandBall132","#0699","FINALLY","RyanLuke#6177",""
"2023-01-12,08:18:55","PolandBall132","#0699","LOL","",""
"2023-01-12,08:18:59","PolandBall132","#0699","TOOK A WHILE BRUH","",""
"2023-01-12,08:19:03","PolandBall132","#0699","ok","",""
"2023-01-12,08:19:10","PolandBall132","#0699","yeah i need to restart my phone","",""
"2023-01-12,08:19:18","PolandBall132","#0699","itll just keep doing it when i restart it","",""
"2023-01-12,08:19:37","RyanLuke","#6177","","PolandBall132#0699","https://cdn.discordapp.com/attachments/1049093433320558692/1062903649770160189/video_20221025_184901_edit.mp4"
"2023-01-12,08:21:13","PolandBall132","#0699","back","",""
"2023-01-12,08:21:17","PolandBall132","#0699","ok","",""
"2023-01-12,08:21:29","PolandBall132","#0699","","","https://cdn.discordapp.com/attachments/1049093433320558692/1062904118806597724/Screenshot_2023-01-12_091102.jpg"
"2023-01-12,08:23:00","PolandBall132","#0699","this is the only time it didn't work for me","RyanLuke#6177",""
"2023-01-12,08:23:17","RyanLuke","#6177","","","https://cdn.discordapp.com/attachments/1049093433320558692/1062904572718362674/20230111_150932.jpg"
"2023-01-12,08:23:40","placeholder","#7729","suggestoin:","",""
"2023-01-12,08:23:41","placeholder","#7729","KYS","",""
"2023-01-12,08:23:41","PolandBall132","#0699","metal sonic is g","",""
"2023-01-12,08:23:57","RyanLuke","#6177","tojay Cha""`mge 
i z","PolandBall132#0699",""
"2023-01-12,08:24:30","placeholder","#7729","last one get out of lava pool","",""
"2023-01-12,08:24:33","placeholder","#7729","wins 90billion dollars","",""
"2023-01-12,08:25:14","PolandBall132","#0699","First tamr drawing back way in December 2020 NO WAY","","https://cdn.discordapp.com/attachments/1049093433320558692/1062905059710611556/Screenshot_2023-01-11_004352.jpg"
"2023-01-12,08:25:26","placeholder","#7729","NO WAY","",""
"2023-01-12,08:25:54","placeholder","#7729","ima abuse grap hook üòÑ","",""
"2023-01-12,08:26:04","placeholder","#7729","bc im bored","",""
"2023-01-12,08:26:04","PolandBall132","#0699","grind for time watch","",""
"2023-01-12,08:26:04","placeholder","#7729","ok","",""
"2023-01-12,08:26:11","PolandBall132","#0699","grind for time watch","",""
"2023-01-12,08:26:14","PolandBall132","#0699","ITS SO GOOD","",""
"2023-01-12,08:26:19","placeholder","#7729","MONEY","PolandBall132#0699",""
"2023-01-12,08:26:20","PolandBall132","#0699","u can glitch vehicle inside","",""
"2023-01-12,08:26:20","placeholder","#7729","MONEY","",""
"2023-01-12,08:26:22","placeholder","#7729","MONey","",""
"2023-01-12,08:26:23","placeholder","#7729","MONEY","",""
"2023-01-12,08:26:24","placeholder","#7729","MONE","",""
"2023-01-12,08:26:27","PolandBall132","#0699","yeah","",""
"2023-01-12,08:26:38","placeholder","#7729","no money","",""
"2023-01-12,08:26:48","PolandBall132","#0699","2nd earliest tamr drawing wow","","https://cdn.discordapp.com/attachments/1049093433320558692/1062905456001040454/Screenshot_2023-01-11_004627.jpg"
"2023-01-12,08:26:53","PolandBall132","#0699","gold and plasma","",""
"2023-01-12,08:27:21","placeholder","#7729","awesome","",""
"2023-01-12,08:27:34","placeholder","#7729","","","https://cdn.discordapp.com/attachments/1049093433320558692/1062905647827533874/image.png"
"2023-01-12,08:27:44","placeholder","#7729","üíÄ","","https://cdn.discordapp.com/attachments/1049093433320558692/1062905690781388890/image.png"
"2023-01-12,08:27:52","PolandBall132","#0699","no lifer be like","",""
"2023-01-12,08:27:56","placeholder","#7729","agreed","",""
"2023-01-12,08:30:18","placeholder","#7729","im so noober at","",""
"2023-01-12,08:30:21","placeholder","#7729","how to time watc","",""
"2023-01-12,08:30:37","placeholder","#7729","ok i under stand now","",""
"2023-01-12,08:30:45","placeholder","#7729","looks like capturing old movmenets","",""
"2023-01-12,08:31:27","placeholder","#7729","XD","","https://cdn.discordapp.com/attachments/1049093433320558692/1062906624970334360/image.png"
"2023-01-12,08:33:48","placeholder","#7729","","","https://cdn.discordapp.com/attachments/1049093433320558692/1062907215687712798/image.png"
"2023-01-12,08:48:54","PolandBall132","#0699","","","https://cdn.discordapp.com/attachments/1049093433320558692/1062911016935104562/Untitled_1.mp4"
"2023-01-12,09:00:46","PolandBall132","#0699","fire show like tamr","",""
"2023-01-12,09:01:43","RyanLuke","#6177","woah plamsama","PolandBall132#0699",""
"2023-01-12,09:01:47","RyanLuke","#6177","plasam","",""
"2023-01-12,09:01:48","RyanLuke","#6177","ma","",""
"2023-01-12,09:01:56","RyanLuke","#6177","gold was female?!!??","",""
"2023-01-12,09:02:02","PolandBall132","#0699","originally","",""
"2023-01-12,09:02:05","PolandBall132","#0699","battle for first remaster concept","",""
"2023-01-12,09:02:13","RyanLuke","#6177","","","https://cdn.discordapp.com/attachments/1049093433320558692/1062914367034769508/unknown-184.png"
"2023-01-12,09:02:43","PolandBall132","#0699","concept is dropped","RyanLuke#6177",""
"2023-01-12,09:02:48","PolandBall132","#0699","after battle for first cancel","",""
"2023-01-12,09:04:51","PolandBall132","#0699","before smile uh","",""
"2023-01-12,09:05:00","PolandBall132","#0699","lime was going to be the villian one","",""
"2023-01-12,09:29:50","placeholder","#7729","hi guys","",""
"2023-01-12,09:29:54","placeholder","#7729","i caused too much troling","",""
"2023-01-12,09:29:56","placeholder","#7729","at pizza working","",""
"2023-01-12,09:36:53","PolandBall132","#0699","u caused too much","","https://cdn.discordapp.com/attachments/1049093433320558692/1062923093636563024/Untitled_1_1.mp4"
"2023-01-12,10:39:34","com_ww","#1833","i glitched the game with a melon cooler so hard","RyanLuke#6177",""
"2023-01-12,10:40:48","com_ww","#1833","i always have the phone and i draw my funny stuffs on phone üì±","Krisan#8817",""
"2023-01-12,10:42:55","com_ww","#1833","https://cdn.discordapp.com/attachments/1051423553762889759/1052550045213409351/image.png","",""
"2023-01-12,10:52:19","ihatee10","#9870","mans making a refrence","com_ww#1833",""
"2023-01-12,10:52:30","Craboi","#3775","That confrims ryan is gay to hiiro","",""
"2023-01-12,10:52:34","Craboi","#3775","Omg","",""
"2023-01-12,10:52:49","ihatee10","#9870","https://youtu.be/VeazLd-W_xw","Craboi#3775",""
"2023-01-12,10:53:30","Craboi","#3775","Bruh hell naw man like what the fo man","",""
"2023-01-12,10:53:55","ihatee10","#9870","","","https://cdn.discordapp.com/attachments/1049093433320558692/1062942478833033256/IMG_2091.png"
"2023-01-12,11:20:48","RyanLuke","#6177","ok person who vapes and supports lgbt","Craboi#3775",""
"2023-01-12,11:20:50","Craboi","#3775","OMG GUYS WANNA PLAY PROJECT PLAYTIME","",""
"2023-01-12,11:21:00","RyanLuke","#6177","craboi","",""
"2023-01-12,11:21:01","Craboi","#3775","shut up ryan i dont support lgbt","RyanLuke#6177",""
"2023-01-12,11:21:06","RyanLuke","#6177","we sont have rich kid pcs","",""
"2023-01-12,11:21:19","Craboi","#3775","is that ur excuse everytime breh","",""
"2023-01-12,11:21:27","RyanLuke","#6177","bro","",""
"2023-01-12,11:21:29","Craboi","#3775","ok i will try","",""
"2023-01-12,11:21:35","Craboi","#3775","project playtime since i didnt know it was free","",""
"2023-01-12,11:21:40","RyanLuke","#6177","IM ON A WINDOWS 7","",""
"2023-01-12,11:21:43","RyanLuke","#6177","4GB","",""
"2023-01-12,11:21:59","Craboi","#3775","i didnt know u were in windows 7","",""
"2023-01-12,11:22:05","RyanLuke","#6177","what","",""
"2023-01-12,11:22:06","RyanLuke","#6177","how","",""
"2023-01-12,11:22:06","Craboi","#3775","ok i will play","",""
"2023-01-12,11:22:08","RyanLuke","#6177","HOW","",""
"2023-01-12,11:22:11","RyanLuke","#6177","HOW","",""
"2023-01-12,11:22:18","RyanLuke","#6177","IN THE IRL GC","",""
"2023-01-12,11:22:21","RyanLuke","#6177","Ive sent","",""
"2023-01-12,11:22:23","RyanLuke","#6177","SO MANY PICS","",""
"2023-01-12,11:22:28","RyanLuke","#6177","OF MY PC","",""
"2023-01-12,11:22:37","RyanLuke","#6177","AND IVE TOLD YOU 1 TRILLION TIMES","",""
"2023-01-12,11:22:39","Craboi","#3775","i have never payed close attention to it","",""
"2023-01-12,11:22:46","RyanLuke","#6177","THAT I PLAY ON WIN 7","",""
"2023-01-12,11:22:56","RyanLuke","#6177","yeah cause youre ignorant","Craboi#3775",""
"2023-01-12,11:22:58","Craboi","#3775","i forgor","RyanLuke#6177",""
"2023-01-12,11:23:06","RyanLuke","#6177","Lets ralk abour posirive tj9nks gius","",""
"2023-01-12,11:23:08","Craboi","#3775","i jsut look at the screen","RyanLuke#6177",""
"2023-01-12,11:23:14","RyanLuke","#6177","Yo shut yo","",""
"2023-01-12,11:23:25","Craboi","#3775","shut up ryan i just forgot","",""
"2023-01-12,11:23:31","Craboi","#3775","i have dyslexia","",""
"2023-01-12,11:23:36","RyanLuke","#6177","","","https://cdn.discordapp.com/attachments/1049093433320558692/1062949949463072878/20230112_081846.jpg"
"2023-01-12,11:23:50","Craboi","#3775","i didnt know mexicans are black","",""
"2023-01-12,11:24:35","RyanLuke","#6177","craboi thinks all mexicans are white","",""
"2023-01-12,11:24:44","com_ww","#1833","https://tenor.com/view/when-whale-you-get-it-whale-shriple-shrimple-as-that-clamplicated-gif-26443467","",""
"2023-01-12,11:24:44","Craboi","#3775","what","",""
"2023-01-12,11:24:52","Craboi","#3775","xd i got it","",""
"2023-01-12,11:25:29","Craboi","#3775","they are hispanics","RyanLuke#6177",""
"2023-01-12,11:53:35","PolandBall132","#0699","https://tenor.com/view/math-solve-gif-25965255","",""
"2023-01-12,11:54:14","com_ww","#1833","lets f3x","PolandBall132#0699",""
"2023-01-12,11:54:21","com_ww","#1833","marble","",""
"2023-01-12,11:54:38","PolandBall132","#0699","i am gonna","",""
"2023-01-12,11:54:39","PolandBall132","#0699","study","",""
"2023-01-12,11:54:47","PolandBall132","#0699","forgot to study yesterday","",""
"2023-01-12,12:00:03","com_ww","#1833",":(","",""
"2023-01-12,12:10:20","com_ww","#1833","<@993136313823932507>","swave#7502",""
"2023-01-12,12:10:24","com_ww","#1833","Wanna f3x","",""
"2023-01-12,12:10:38","swave","#7502","Your jordans are fake","",""
"2023-01-12,12:10:39","swave","#7502","sure","",""
"2023-01-12,12:10:52","swave","#7502","wait how the rfuck did you know i was online","",""
"2023-01-12,12:11:19","com_ww","#1833","you are on do not disturb status thing","",""
"2023-01-12,12:11:37","swave","#7502","Oh","",""
"2023-01-12,12:11:43","com_ww","#1833","ok lets f3x","",""
"2023-01-12,12:12:53","swave","#7502","what to buildrs","",""
"2023-01-12,12:13:06","com_ww","#1833","idk","",""
"2023-01-12,12:13:20","com_ww","#1833","become funny glitchers","",""
"2023-01-12,12:13:22","com_ww","#1833","star glitcher","",""
"2023-01-12,12:14:34","com_ww","#1833","IN MY PRIVATE SERVER !","",""
"2023-01-12,12:17:34","swave","#7502","waitng ......... üòµ","",""
"2023-01-12,12:47:30","swave","#7502","COM WHAT HAPPENED","",""
"2023-01-12,12:49:09","com_ww","#1833","my  connection","",""
"2023-01-12,12:49:15","com_ww","#1833","disconnected","",""
"2023-01-12,12:49:21","com_ww","#1833","i neverseen that error message before","",""
"2023-01-12,12:49:23","com_ww","#1833","wth","",""
"2023-01-12,14:04:16","swave","#7502","is that fake lemon","",""
"2023-01-12,14:27:10","RyanLuke","#6177","no","",""
"2023-01-12,15:25:27","placeholder","#7729","error code 279?","com_ww#1833",""
"2023-01-12,15:54:52","com_ww","#1833","no its the real one","swave#7502",""
"2023-01-12,16:38:30","swave","#7502","the fucl","",""
"2023-01-12,17:03:44","Uri","#1700","fuck you","",""
"2023-01-12,17:03:48","Uri","#1700","that was sent without context","",""
"2023-01-12,17:03:54","Uri","#1700","i said after that ryan: i like","",""
"2023-01-12,17:04:23","Uri","#1700","You guys are ok","com_ww#1833",""
"2023-01-12,17:04:25","Uri","#1700","nvm","",""
"2023-01-12,17:04:50","Uri","#1700","u guys can slander me by taking out of context screenshots but i dont like looking at furry ass im straight","",""
"2023-01-12,17:06:21","RyanLuke","#6177",": (","",""
"2023-01-12,17:23:13","com_ww","#1833","Okay","Uri#1700",""
"2023-01-12,17:23:21","Craboi","#3775","smh ryan","",""
"2023-01-12,17:23:22","Craboi","#3775","jk","",""
"2023-01-12,17:24:03","Uri","#1700","i know your saying this sarcastically","com_ww#1833",""
"2023-01-12,17:24:19","Uri","#1700","and only just putting out of context screenshots just because of what i tried to do to nix","",""
"2023-01-12,17:31:18","RyanLuke","#6177","Le'ts play anokng us","",""
"2023-01-12,17:31:38","Krisan","#8817","Gone","","https://cdn.discordapp.com/attachments/1049093433320558692/1063042568557965392/SfaireLovania.mp3"
"2023-01-12,17:31:50","Krisan","#8817","among no","",""
"2023-01-12,17:34:16","RyanLuke","#6177","","","https://cdn.discordapp.com/attachments/1049093433320558692/1063043230217809970/Png.png"
"2023-01-12,17:39:25","swave","#7502","https://www.youtube.com/watch?v=wnwGWPURwWg","",""
"2023-01-12,17:39:31","swave","#7502","COM!?!? !???!?! ? BALLISTIC COM","",""
"2023-01-12,17:39:52","swave","#7502","that was so unfunny bruh wtf ‚ò†Ô∏è","",""
"2023-01-12,17:41:09","RyanLuke","#6177","BALISITC COM","",""
"2023-01-12,17:43:52","carl0s","#6512","<@493732255076974602> wow ryan no give me robux he is so  mean üò≠","Uri#1700",""
"2023-01-12,17:44:08","carl0s","#6512","he really loves creams","",""
"2023-01-12,17:47:07","Uri","#1700","DONT WORRY","carl0s#6512",""
"2023-01-12,17:47:12","Uri","#1700","I WILL GIVE YOU 500 ROBUX","",""
"2023-01-12,17:56:32","com_ww","#1833","wrong","Uri#1700",""
"2023-01-12,18:36:25","placeholder","#7729","MOMENT","",""
"2023-01-12,18:57:56","placeholder","#7729","ok","",""
"2023-01-12,18:58:04","placeholder","#7729","i trolled people in pizza job again üóø","",""
"2023-01-12,18:59:24","com_ww","#1833","<@857499963784560693> https://web.roblox.com/games/9961650006/Shockwave-Racing?gameSetTypeId=100000003&homePageSessionInfo=562d6680-ed30-46be-963a-fe904a6632a9&isAd=false&numberOfLoadedTiles=6&page=homePage&placeId=9961650006&position=2&sortPos=0&universeId=3673235426","placeholder#7729",""
"2023-01-12,18:59:28","com_ww","#1833","Lets shockwave","",""
"2023-01-12,18:59:31","com_ww","#1833","racing","",""
"2023-01-12,19:12:42","com_ww","#1833","why the hell is everyone so silence today","",""
"2023-01-12,19:13:02","com_ww","#1833","is there another friend group being fucking made in secret again by lemon","",""
"2023-01-12,19:13:07","PolandBall132","#0699","","","https://cdn.discordapp.com/attachments/1049093433320558692/1063068104973897819/I_Gave_Bro_Braids_And_He_Got_Mad_Not_My_Video.mp4"
"2023-01-12,19:13:38","com_ww","#1833","hitler v2","PolandBall132#0699",""
"2023-01-12,19:14:30","PolandBall132","#0699","lessgo","",""
"2023-01-12,19:14:46","PolandBall132","#0699","homework","com_ww#1833",""
"2023-01-12,19:15:01","com_ww","#1833","Ok","PolandBall132#0699",""
"2023-01-12,19:15:03","com_ww","#1833","ok","",""
"2023-01-12,19:15:16","com_ww","#1833","wrong understanding thoughts ive had","",""
"2023-01-12,19:15:30","com_ww","#1833","forgot its not vacations for you guys yet","",""
"2023-01-12,19:15:36","com_ww","#1833","Sorry lemon","",""
"2023-01-12,19:41:36","placeholder","#7729","i wanna trolololo alot","",""
"2023-01-12,20:07:39","placeholder","#7729","HHMHMHM","","https://cdn.discordapp.com/attachments/1049093433320558692/1063081828287795220/image.png"
"2023-01-12,21:50:50","Uri","#1700","BRO","com_ww#1833",""
"2023-01-12,21:50:52","Uri","#1700","ARE YOU FUCKING STUPID","",""
"2023-01-12,21:50:58","Uri","#1700","WE ALL HAVE SCHOOL + BARELY ANY TIME TO PLAY","",""
"2023-01-12,21:51:01","Uri","#1700","oh my god","",""
"2023-01-12,21:51:13","Uri","#1700","ok nvm i just read what com said","",""
"2023-01-12,21:51:19","Uri","#1700","but seriously","",""
"2023-01-12,21:51:21","Uri","#1700","we all just have school","",""
"2023-01-12,21:51:33","Uri","#1700","if it was saturday it would be more active","",""
"2023-01-13,05:22:42","RyanLuke","#6177","https://tenor.com/view/primal-fire-giant-gif-26699887","",""
"2023-01-13,05:51:11","Uri","#1700","shut up","",""
"2023-01-13,05:51:25","Uri","#1700","","","https://cdn.discordapp.com/attachments/1049093433320558692/1063228741070893097/IMG_20230112_061253.jpg"
"2023-01-13,05:51:31","Uri","#1700","this is a ryan moment","",""
"2023-01-13,06:05:15","RyanLuke","#6177","who","",""
"2023-01-13,06:05:17","RyanLuke","#6177","is","",""
"2023-01-13,06:05:19","RyanLuke","#6177","tht","",""
"2023-01-13,06:07:07","RyanLuke","#6177","Lets play survival whej i get homd","",""
"2023-01-13,06:07:08","RyanLuke","#6177","the","",""
"2023-01-13,06:07:14","RyanLuke","#6177","booga booga looking roblox game","",""
"2023-01-13,06:07:26","RyanLuke","#6177","i coem home 9 am","",""
"2023-01-13,06:07:30","RyanLuke","#6177","OK BYE I GOVTO SXHOOL","",""
"2023-01-13,07:21:57","placeholder","#7729","i find out new fflag is so-","",""
"2023-01-13,07:21:59","placeholder","#7729","OK I STOP PING","",""
"2023-01-13,07:22:03","placeholder","#7729","screw it","",""
"2023-01-13,07:22:18","placeholder","#7729","new fflag physics so unstable","",""
"2023-01-13,07:22:19","placeholder","#7729","https://github.com/L8X/Roblox-Client-Optimizer/blob/main/ClientAppSettings.json","",""
"2023-01-13,07:30:35","RyanLuke","#6177","","","https://cdn.discordapp.com/attachments/1049093433320558692/1063253697473294486/20230113_082908.jpg"
"2023-01-13,07:31:32","placeholder","#7729","poland","",""
"2023-01-13,07:31:35","placeholder","#7729","ok nv","",""
"2023-01-13,07:31:40","placeholder","#7729","i shoul let them relax","",""
"2023-01-13,07:34:52","placeholder","#7729","im gonna trolling people lol","",""
"2023-01-13,07:35:09","RyanLuke","#6177","i just hit the griddy in the school halls","",""
"2023-01-13,07:35:38","placeholder","#7729","new roblox optimizer so added byfron","",""
"2023-01-13,07:35:53","placeholder","#7729","HOPEFULLY","",""
"2023-01-13,07:35:56","placeholder","#7729","people dont call me hacker","",""
"2023-01-13,07:35:59","placeholder","#7729","bc i used fflags","",""
"2023-01-13,07:40:03","placeholder","#7729","everyone called me hacker now","",""
"2023-01-13,07:40:04","placeholder","#7729","im too scary","",""
"2023-01-13,07:42:32","placeholder","#7729","WAIT","",""
"2023-01-13,07:42:37","placeholder","#7729","I SHOULD LEGITMATELY","",""
"2023-01-13,07:42:48","placeholder","#7729","beat jtoh towers","",""
"2023-01-13,07:42:49","placeholder","#7729","lolol","",""
"2023-01-13,07:48:12","placeholder","#7729","here we go","",""
"2023-01-13,07:48:15","placeholder","#7729","i removed presistent","",""
"2023-01-13,08:32:56","placeholder","#7729","<@640066601290301471> OMG","PolandBall132#0699","https://cdn.discordapp.com/attachments/1049093433320558692/1063269386653270046/image.png"
"2023-01-13,11:04:15","RyanLuke","#6177","","","https://cdn.discordapp.com/attachments/1049093433320558692/1063307467943055360/image.png"
"2023-01-13,11:31:20","swave","#7502","Two","",""
"2023-01-13,11:48:52","swave","#7502","i beat fingerdash yay","",""
"2023-01-13,11:48:59","swave","#7502","Easy official levle","",""
"2023-01-13,12:09:25","placeholder","#7729","LIG MA","","https://cdn.discordapp.com/attachments/1049093433320558692/1063323867369701426/image.png"
"2023-01-13,14:05:40","RyanLuke","#6177","Huh","",""
"2023-01-13,14:05:42","RyanLuke","#6177","whats ligma","",""
"2023-01-13,14:08:16","swave","#7502","ligma baller","",""
"2023-01-13,15:25:33","PolandBall132","#0699","ok guys i am gonna play while i am sick","",""
"2023-01-13,16:28:08","RyanLuke","#6177","how sick r u","",""
"2023-01-13,17:26:34","PolandBall132","#0699","uhhh","",""
"2023-01-13,17:44:31","placeholder","#7729","handheld door security","",""
"2023-01-13,17:44:41","PolandBall132","#0699","","","https://cdn.discordapp.com/attachments/1049093433320558692/1063408237979914300/images_-_2023-01-13T183929.594.jpg"
"2023-01-13,17:45:53","placeholder","#7729","what da hail","PolandBall132#0699",""
"2023-01-13,17:45:56","placeholder","#7729","is that üíÄ asteroid","",""
"2023-01-13,17:46:04","PolandBall132","#0699","üíÄ","",""
"2023-01-13,17:46:07","placeholder","#7729","üíÄ","",""
"2023-01-13,17:46:13","PolandBall132","#0699","yes","",""
"2023-01-13,17:46:14","placeholder","#7729","the world is ending","",""
"2023-01-13,17:46:20","PolandBall132","#0699","2015 TB145","",""
"2023-01-13,17:47:20","PolandBall132","#0699","üíÄ","",""
"2023-01-13,18:12:51","Uri","#1700","<@700982390788718652> event?","Omniscient#6362",""
"2023-01-13,18:31:47","placeholder","#7729","time to make everyoen call me hacker","",""
"2023-01-13,18:31:50","placeholder","#7729","by using fflags","",""
"2023-01-13,18:39:35","placeholder","#7729","bc new fflag","",""
"2023-01-17,19:24:44","Krisan","#8817","lemon","",""
"2023-01-17,19:24:50","Krisan","#8817","HOW do i MAKE WIND LESS","",""
"2023-01-17,19:25:09","bauulp","#4297","more","",""
"2023-01-17,19:25:13","bauulp","#4297","ok","",""
"2023-01-17,19:25:15","bauulp","#4297","done","",""
"2023-01-17,19:25:18","bauulp","#4297","omerg","",""
"2023-01-17,19:25:19","bauulp","#4297","OMG","",""
"2023-01-17,19:25:21","bauulp","#4297","you overdid it","",""
"2023-01-17,19:25:23","com_ww","#1833","its still going","",""
"2023-01-17,19:25:29","com_ww","#1833","oh my god","",""
"2023-01-17,19:25:37","swave","#7502","ITS CHIVI 198 MESSAGE FROM 13/01/2023 HOYLSHI","",""
"2023-01-17,19:25:37","Uri","#1700","is that","",""
"2023-01-17,19:25:38","Uri","#1700","it","",""
"2023-01-17,19:25:40","bauulp","#4297","christ","",""
"2023-01-17,19:25:42","com_ww","#1833","Hi the new guy for this year","",""
"2023-01-17,19:25:42","Uri","#1700","it seems so","",""
"2023-01-17,19:25:43","Krisan","#8817","IS IT STOP","",""
"2023-01-17,19:25:43","bauulp","#4297","thats it","",""
"2023-01-17,19:25:45","bauulp","#4297","i don't care","",""
"2023-01-17,19:25:55","bauulp","#4297","yay the fucker is gone","",""
"2023-01-17,19:25:58","swave","#7502","me : ok ..........................................","",""
"2023-01-17,19:26:00","Uri","#1700","He still hasnt apolgized vbbruh moment","",""
"2023-01-17,19:26:00","Krisan","#8817","LEMON HOW DO I MAKE THE WINDN LESS","","https://cdn.discordapp.com/attachments/1049093433320558692/1064883287136424056/image.png"
"2023-01-17,19:26:04","Uri","#1700","configure it","",""
"2023-01-17,19:26:08","Krisan","#8817","which part","",""
"2023-01-17,19:26:09","bauulp","#4297","now we can fucking move on unless he keeps riding on my dick with alts","",""
"2023-01-17,19:26:18","bauulp","#4297","https://www.roblox.com/users/620884437/profile","",""
"2023-01-17,19:26:21","bauulp","#4297","friend this guy","",""
"2023-01-17,19:26:23","bauulp","#4297","he is so cool","",""
"2023-01-17,19:26:24","Uri","#1700","return of the arrigatito","",""
"2023-01-17,19:26:25","com_ww","#1833","who is that","",""
"2023-01-17,19:26:30","bauulp","#4297","idk","",""
"2023-01-17,19:26:32","bauulp","#4297","but he soo cool","",""
"2023-01-17,19:26:35","Krisan","#8817","com are you friend with jj","",""
"2023-01-17,19:26:39","com_ww","#1833","i think","",""
"2023-01-17,19:26:57","bauulp","#4297","<@635817171506954250> contact me if you're getting messages from R. Luke","com_ww#1833",""
"2023-01-17,19:27:10","bauulp","#4297","preferably with screenshots","",""
"2023-01-17,19:27:15","com_ww","#1833","ok","",""
"2023-01-17,19:27:24","placeholder","#7729","HELLO SWAVE","swave#7502",""
"2023-01-17,19:27:26","placeholder","#7729","IM THE GOD","",""
"2023-01-17,19:27:38","Krisan","#8817","https://www.roblox.com/games/12171398084/Untitled-game-nnnn","",""
"2023-01-17,19:27:40","Krisan","#8817","Hellos Chivs","",""
"2023-01-17,19:27:41","Krisan","#8817","join","",""
"2023-01-17,19:27:48","swave","#7502","chivi ultimate god trollers","",""
"2023-01-17,19:39:28","PolandBall132","#0699","what happen to ryan lol","",""
"2023-01-17,19:42:58","Craboi","#3775","hi guys","",""
"2023-01-17,19:43:09","Craboi","#3775","omg lets five night at ore corporation","",""
"2023-01-17,19:43:13","Craboi","#3775","hi i am hiring","",""
"2023-01-17,19:45:34","bauulp","#4297","","","https://cdn.discordapp.com/attachments/1049093433320558692/1064888211010228315/220px-Ube_cake_282001868704429.png"
"2023-01-17,19:45:38","bauulp","#4297","this is on wikipedia","",""
"2023-01-17,19:45:45","Craboi","#3775","xd why did most of the chat gone","",""
"2023-01-17,19:45:49","Craboi","#3775","OMG IS THAT UBE","bauulp#4297",""
"2023-01-17,20:23:24","darkspxder","#7316","if i put enough cum in a popsicle mold and then put it in a freezer","",""
"2023-01-17,20:23:26","darkspxder","#7316","does it technically become","",""
"2023-01-17,20:23:28","darkspxder","#7316","Ice Cream","",""
"2023-01-17,20:23:57","PolandBall132","#0699","wth","",""
"2023-01-17,20:24:29","darkspxder","#7316","Get it","",""
"2023-01-17,20:24:30","darkspxder","#7316","because","",""
"2023-01-17,20:24:30","darkspxder","#7316","cum","",""
"2023-01-17,20:24:32","darkspxder","#7316","cream","",""
"2023-01-17,20:24:49","darkspxder","#7316","ice cream","",""
"2023-01-17,20:29:49","com_ww","#1833","the return of tipot","PolandBall132#0699",""
"2023-01-17,20:30:01","PolandBall132","#0699","yay","",""
"2023-01-17,20:30:17","PolandBall132","#0699","i known him since he played my blockate world called","",""
"2023-01-17,20:30:21","PolandBall132","#0699","find the squares","",""
"2023-01-17,20:46:41","darkspxder","#7316","wait where is rya n","",""
"2023-01-17,21:10:56","com_ww","#1833","quitted","darkspxder#7316",""
"2023-01-17,21:11:10","com_ww","#1833","due to the stressful and scary argument","",""
"2023-01-17,22:30:56","PolandBall132","#0699","ryan went to go to the grocery store and gone","",""
"2023-01-17,22:35:46","PolandBall132","#0699","uhh","bauulp#4297",""
"2023-01-17,22:35:51","PolandBall132","#0699","he got blocked aswell","",""
"2023-01-18,10:56:59","PolandBall132","#0699","","","https://cdn.discordapp.com/attachments/1049093433320558692/1065117577778577478/2023-01-18_11-34-59.mp4"
"2023-01-18,10:57:05","PolandBall132","#0699","i am a retro studio developer","",""
"2023-01-18,10:57:07","PolandBall132","#0699","real","",""
"2023-01-18,11:34:24","com_ww","#1833","https://media.discordapp.net/attachments/973567971064700988/1009584625686949938/little_kid.gif","",""
"2023-01-18,11:45:26","placeholder","#7729","lol agreed","",""
"2023-01-18,11:52:28","com_ww","#1833","?","",""
"2023-01-18,11:55:35","Krisan","#8817","you deleted the word com","",""
"2023-01-18,11:56:14","Krisan","#8817","Don't pretend like you know nothing","","https://cdn.discordapp.com/attachments/1049093433320558692/1065132488726429757/Screenshot_2023-01-18-11-55-51-48.jpg"
"2023-01-18,11:56:49","PolandBall132","#0699","i think","",""
"2023-01-18,11:57:35","PolandBall132","#0699","https://youtu.be/JBQnJYholyk","",""
"2023-01-18,12:00:01","darkspxder","#7316","ok","com_ww#1833",""
"2023-01-18,12:00:16","com_ww","#1833","i know nothing","Krisan#8817",""
"2023-01-18,12:00:33","darkspxder","#7316","I tried to ask him yesterday he didnt respond","",""
"2023-01-18,12:00:55","darkspxder","#7316","Ryan Ghosted Me (Saddest Day Of My Life)","",""
"2023-01-18,12:00:55","Krisan","#8817","he did genocide","",""
"2023-01-18,12:01:01","darkspxder","#7316","he did homiecide","",""
"2023-01-18,12:02:23","PolandBall132","#0699","only carlos knows","",""
"2023-01-18,12:02:24","darkspxder","#7316","i havent talked here in a while","",""
"2023-01-18,12:02:30","darkspxder","#7316","Whats happening Here Guys","",""
"2023-01-18,12:02:38","PolandBall132","#0699","idk","",""
"2023-01-18,12:02:51","darkspxder","#7316","im so out of touch","",""
"2023-01-18,12:03:05","PolandBall132","#0699","nothing much except ryan quitted and bauulp return","",""
"2023-01-18,12:03:12","darkspxder","#7316","who is a baulp","",""
"2023-01-18,12:03:23","PolandBall132","#0699","old friend of lemon and com","",""
"2023-01-18,12:04:09","PolandBall132","#0699","and theres a new  friend also","",""
"2023-01-18,12:12:40","com_ww","#1833","bauulp returned by contacting to lemon and lemon agreed to let him in then he started an argument between him and ryan and ryan cannot take the stress of that argument and ryan just quitted due to the stress","darkspxder#7316",""
"2023-01-18,12:19:09","PolandBall132","#0699","snakey god new friend","",""
"2023-01-18,12:19:11","PolandBall132","#0699","üí™","",""
"2023-01-18,16:52:48","bauulp","#4297","not because of the stress","com_ww#1833",""
"2023-01-18,16:52:49","bauulp","#4297","i told him to leave","",""
"2023-01-18,16:52:55","bauulp","#4297","i don't want someone here like that","",""
"2023-01-18,16:53:11","bauulp","#4297","the stuff he did is unforgivable","",""
"2023-01-18,16:57:31","bauulp","#4297","i dont know if that's a typo but you're saying it like lemon started it or i joined just to kick ryan out","",""
"2023-01-18,17:19:30","com_ww","#1833","oh oops","bauulp#4297",""
"2023-01-18,17:19:43","com_ww","#1833","i dont like retyping so anyways","",""
"2023-01-18,22:29:05","carl0s","#6512","omg why is the serverdeleted","",""
"2023-01-18,22:31:19","PolandBall132","#0699","OH NO","",""
"2023-01-18,22:32:00","PolandBall132","#0699","am make a video called ""Lemon Server is getting DELETED in January 19 2023 (EMOTIONAL)""","",""
"2023-01-18,22:32:53","PolandBall132","#0699","hey youtube","",""
"2023-01-18,22:32:58","PolandBall132","#0699","polandball132 here","",""
"2023-01-18,22:33:04","PolandBall132","#0699","today is a sad DAY","",""
"2023-01-18,22:33:15","carl0s","#6512","","","https://cdn.discordapp.com/attachments/1049093433320558692/1065292800515657749/images_90.jpg"
"2023-01-18,22:33:29","PolandBall132","#0699","lemon amazing server is getting deleted in january nineteenth 2023","",""
"2023-01-18,22:33:50","PolandBall132","#0699","THE SERVER ICON","",""
"2023-01-18,22:33:55","PolandBall132","#0699","thats someone else","",""
"2023-01-18,22:33:59","PolandBall132","#0699","not me","",""
"2023-01-18,22:34:02","carl0s","#6512","is that marissa dela cruz?????????","",""
"2023-01-18,22:34:05","PolandBall132","#0699","yeah","",""
"2023-01-18,22:34:05","Uri","#1700","thats COM!","",""
"2023-01-18,22:34:10","PolandBall132","#0699","com","",""
"2023-01-18,22:34:17","bauulp","#4297","carlos you have 5 days","",""
"2023-01-18,22:34:21","bauulp","#4297","im coming for you","",""
"2023-01-18,22:34:26","carl0s","#6512","what","",""
"2023-01-18,22:34:29","PolandBall132","#0699","lemon amazing server is getting deleted in january nineteenth 2023","",""
"2023-01-18,22:34:30","Uri","#1700","better","",""
"2023-01-18,22:34:32","PolandBall132","#0699","THIS IS A SAD DAY","",""
"2023-01-18,22:34:37","Uri","#1700","SO SAD","",""
"2023-01-18,22:34:42","Uri","#1700","who couldve done it","",""
"2023-01-18,22:34:59","bauulp","#4297","im deleting this whole servre","",""
"2023-01-18,22:35:01","bauulp","#4297","im gonna nuke it","",""
"2023-01-18,22:35:02","PolandBall132","#0699","because there is a group of individual named com","",""
"2023-01-18,22:35:03","Uri","#1700","NO ...","",""
"2023-01-18,22:35:03","carl0s","#6512","about.com ambatukam","",""
"2023-01-18,22:35:05","Uri","#1700","DONT...","",""
"2023-01-18,22:35:07","PolandBall132","#0699","and hiiro","",""
"2023-01-18,22:35:12","Uri","#1700","thats so com ww","",""
"2023-01-18,22:35:19","carl0s","#6512","and also ryan","",""
"2023-01-18,22:35:29","PolandBall132","#0699","yeah","",""
"2023-01-18,22:35:39","PolandBall132","#0699","this is so","",""
"2023-01-18,22:35:50","PolandBall132","#0699","https://media.discordapp.net/attachments/1061560251737976944/1065281147724111943/77vyxu.gif","",""
"2023-01-18,22:35:51","bauulp","#4297","AMBATUKAMMM","",""
"2023-01-18,22:35:57","Uri","#1700","in yo math","",""
"2023-01-18,22:35:58","Uri","#1700","mauth","",""
"2023-01-18,22:35:59","bauulp","#4297","OMAGAADADDD","",""
"2023-01-18,22:36:05","PolandBall132","#0699","https://media.discordapp.net/attachments/1061560251737976944/1065281147724111943/77vyxu.gif","",""
"2023-01-18,22:36:10","Uri","#1700","","","https://cdn.discordapp.com/attachments/1049093433320558692/1065293534174908527/attachment-14.gif"
"2023-01-18,22:36:14","bauulp","#4297","AMBADEBLOUU","",""
"2023-01-18,22:36:16","Uri","#1700","","","https://cdn.discordapp.com/attachments/1049093433320558692/1065293556383748196/FmBWbZZaUAA6TKp.jpg"
"2023-01-18,22:36:18","bauulp","#4297","AMBASING","",""
"2023-01-18,22:36:23","bauulp","#4297","AMBATUNAT","",""
"2023-01-18,22:36:27","bauulp","#4297","OMAYGOT","",""
"2023-01-18,22:36:37","bauulp","#4297","Ambatuka haaa aaa haaaa","",""
"2023-01-18,22:36:40","PolandBall132","#0699","https://tenor.com/view/bad-boy-nice-guy-turn-from-nice-guy-to-slightly-bad-boy-slightly-bad-boy-tik-tok-gif-25518244","",""
"2023-01-18,22:37:01","PolandBall132","#0699","this is com","",""
"2023-01-18,22:37:38","carl0s","#6512","https://tenor.com/view/exorcist-prank-maze-scared-shocked-gif-15357688","",""
"2023-01-18,22:38:08","PolandBall132","#0699","anas would send this gif alot of times","",""
"2023-01-18,22:41:41","PolandBall132","#0699","anyway as i was saying THIS SERVER IS GETTING DELETED NOOOO","",""
"2023-01-18,22:43:05","PolandBall132","#0699","by these group of individual identified as Ryan Luke Wilson, Troy Ethan Tabares and a unknown individual nicknamed as Com","",""
"2023-01-18,22:43:06","PolandBall132","#0699","REAL","",""
"2023-01-18,22:43:17","PolandBall132","#0699","i am getting so emotional right now...","",""
"2023-01-18,22:50:01","Uri","#1700","Liu Fang.. Troy Ethan Tabares and Ryan Luke Wilson","",""
"2023-01-18,22:57:35","PolandBall132","#0699","liu fang","",""
"2023-01-19,09:41:41","PolandBall132","#0699","","","https://cdn.discordapp.com/attachments/1049093433320558692/1065461015602532413/the_amazing_strategy_race.mp3"
